ts,asset,funding_hourly_pct,funding_apy_pct,oi_usd,side,breakeven_days,net_apy_30d_pct,actionable
2026-06-25T06:15:46.889706+00:00,BTC,0.00031,2.73,2037571757,short_perp+spot_long,26.71,0.3,0
2026-06-25T06:15:46.889706+00:00,ETH,-2e-05,-0.16,1118418976,long_perp+spot_short,467.64,-2.28,0
2026-06-25T06:15:46.889706+00:00,ATOM,-0.01007,-88.25,2986252,long_perp+spot_short,0.83,85.81,1
2026-06-25T06:15:46.889706+00:00,DYDX,0.00125,10.95,7738481,short_perp+spot_long,6.67,8.52,0
2026-06-25T06:15:46.889706+00:00,SOL,-0.00174,-15.28,352766251,long_perp+spot_short,4.78,12.84,1
2026-06-25T06:15:46.889706+00:00,AVAX,-0.00104,-9.09,17868706,long_perp+spot_short,8.03,6.66,0
2026-06-25T06:15:46.889706+00:00,BNB,-0.00248,-21.71,24377407,long_perp+spot_short,3.36,19.28,1
2026-06-25T06:15:46.889706+00:00,OP,0.00125,10.95,3230706,short_perp+spot_long,6.67,8.52,0
2026-06-25T06:15:46.889706+00:00,LTC,-0.00138,-12.09,11306661,long_perp+spot_short,6.04,9.66,0
2026-06-25T06:15:46.889706+00:00,ARB,0.00125,10.95,4016413,short_perp+spot_long,6.67,8.52,0
2026-06-25T06:15:46.889706+00:00,DOGE,0.00069,6.03,19238660,short_perp+spot_long,12.11,3.59,0
2026-06-25T06:15:46.889706+00:00,INJ,-0.0005,-4.36,2975447,long_perp+spot_short,16.75,1.92,0
2026-06-25T06:15:46.889706+00:00,SUI,0.00125,10.95,29150811,short_perp+spot_long,6.67,8.52,0
2026-06-25T06:15:46.889706+00:00,kPEPE,0.00125,10.95,12338068,short_perp+spot_long,6.67,8.52,0
2026-06-25T06:15:46.889706+00:00,CRV,-6e-05,-0.52,5189718,long_perp+spot_short,141.6,-1.92,0
2026-06-25T06:15:46.889706+00:00,LDO,0.00098,8.62,4440829,short_perp+spot_long,8.47,6.19,0
2026-06-25T06:15:46.889706+00:00,LINK,0.00085,7.43,31891873,short_perp+spot_long,9.82,5.0,0
2026-06-25T06:15:46.889706+00:00,CFX,0.00125,10.95,3135628,short_perp+spot_long,6.67,8.52,0
2026-06-25T06:15:46.889706+00:00,XRP,-0.00225,-19.74,119057771,long_perp+spot_short,3.7,17.31,1
2026-06-25T06:15:46.889706+00:00,BCH,0.00125,10.95,11243045,short_perp+spot_long,6.67,8.52,0
2026-06-25T06:15:46.889706+00:00,APT,0.00036,3.15,4263136,short_perp+spot_long,23.2,0.71,0
2026-06-25T06:15:46.889706+00:00,AAVE,-0.00101,-8.84,58002227,long_perp+spot_short,8.26,6.4,0
2026-06-25T06:15:46.889706+00:00,WLD,0.00125,10.95,48183063,short_perp+spot_long,6.67,8.52,0
2026-06-25T06:15:46.889706+00:00,TRX,0.00125,10.95,15638245,short_perp+spot_long,6.67,8.52,0
2026-06-25T06:15:46.889706+00:00,kSHIB,-0.00862,-75.49,1674709,long_perp+spot_short,0.97,73.06,1
2026-06-25T06:15:46.889706+00:00,UNI,0.0002,1.71,9438660,short_perp+spot_long,42.66,-0.72,0
2026-06-25T06:15:46.889706+00:00,SEI,0.00125,10.95,2292803,short_perp+spot_long,6.67,8.52,0
2026-06-25T06:15:46.889706+00:00,RUNE,-0.00155,-13.55,1454157,long_perp+spot_short,5.39,11.12,0
2026-06-25T06:15:46.889706+00:00,ZRO,0.00125,10.95,24761338,short_perp+spot_long,6.67,8.52,0
2026-06-25T06:15:46.889706+00:00,DOT,0.00125,10.95,4614863,short_perp+spot_long,6.67,8.52,0
2026-06-25T06:15:46.889706+00:00,TIA,0.00125,10.95,1811900,short_perp+spot_long,6.67,8.52,0
2026-06-25T06:15:46.889706+00:00,ADA,-0.00408,-35.74,26363269,long_perp+spot_short,2.04,33.31,1
2026-06-25T06:15:46.889706+00:00,PENDLE,0.00125,10.95,5687462,short_perp+spot_long,6.67,8.52,0
2026-06-25T06:15:46.889706+00:00,FET,0.00125,10.95,6961624,short_perp+spot_long,6.67,8.52,0
2026-06-25T06:15:46.889706+00:00,NEAR,0.00125,10.95,65911124,short_perp+spot_long,6.67,8.52,0
2026-06-25T06:15:46.889706+00:00,FIL,0.00125,10.95,2273208,short_perp+spot_long,6.67,8.52,0
2026-06-25T06:15:46.889706+00:00,IMX,0.00125,10.95,2115095,short_perp+spot_long,6.67,8.52,0
2026-06-25T06:15:46.889706+00:00,kBONK,0.00125,10.95,4921971,short_perp+spot_long,6.67,8.52,0
2026-06-25T06:15:46.889706+00:00,JUP,0.00125,10.95,8717653,short_perp+spot_long,6.67,8.52,0
2026-06-25T06:15:46.889706+00:00,JTO,0.00125,10.95,10384699,short_perp+spot_long,6.67,8.52,0
2026-06-25T06:15:46.889706+00:00,WIF,0.00125,10.95,2168317,short_perp+spot_long,6.67,8.52,0
2026-06-25T06:15:46.889706+00:00,ENS,0.00125,10.95,1289405,short_perp+spot_long,6.67,8.52,0
2026-06-25T06:15:46.889706+00:00,MANTA,0.00125,10.95,2771430,short_perp+spot_long,6.67,8.52,0
2026-06-25T06:15:46.889706+00:00,ONDO,0.00125,10.95,6677476,short_perp+spot_long,6.67,8.52,0
2026-06-25T06:15:46.889706+00:00,W,0.00125,10.95,1224412,short_perp+spot_long,6.67,8.52,0
2026-06-25T06:15:46.889706+00:00,STRK,-0.00433,-37.97,2479150,long_perp+spot_short,1.92,35.54,1
2026-06-25T06:15:46.889706+00:00,TAO,0.00125,10.95,21011141,short_perp+spot_long,6.67,8.52,0
2026-06-25T06:15:46.889706+00:00,AR,0.00125,10.95,1227441,short_perp+spot_long,6.67,8.52,0
2026-06-25T06:15:46.889706+00:00,ETHFI,0.00125,10.95,3108910,short_perp+spot_long,6.67,8.52,0
2026-06-25T06:15:46.889706+00:00,ENA,0.00125,10.95,16138182,short_perp+spot_long,6.67,8.52,0
2026-06-25T06:15:46.889706+00:00,MNT,0.00125,10.95,2465800,short_perp+spot_long,6.67,8.52,0
2026-06-25T06:15:46.889706+00:00,HBAR,0.00125,10.95,3466321,short_perp+spot_long,6.67,8.52,0
2026-06-25T06:15:46.889706+00:00,POPCAT,-0.00259,-22.73,1433700,long_perp+spot_short,3.21,20.3,1
2026-06-25T06:15:46.889706+00:00,EIGEN,0.00125,10.95,7038942,short_perp+spot_long,6.67,8.52,0
2026-06-25T06:15:46.889706+00:00,RENDER,0.00125,10.95,1332313,short_perp+spot_long,6.67,8.52,0
2026-06-25T06:15:46.889706+00:00,POL,0.00125,10.95,2200172,short_perp+spot_long,6.67,8.52,0
2026-06-25T06:15:46.889706+00:00,GRASS,0.00125,10.95,10273574,short_perp+spot_long,6.67,8.52,0
2026-06-25T06:15:46.889706+00:00,PURR,0.00125,10.95,6562963,short_perp+spot_long,6.67,8.52,0
2026-06-25T06:15:46.889706+00:00,XLM,0.00125,10.95,6906000,short_perp+spot_long,6.67,8.52,0
2026-06-25T06:15:46.889706+00:00,ALGO,0.00125,10.95,1771838,short_perp+spot_long,6.67,8.52,0
2026-06-25T06:15:46.889706+00:00,HYPE,0.00125,10.95,1297859113,short_perp+spot_long,6.67,8.52,0
2026-06-25T06:15:46.889706+00:00,VIRTUAL,-6e-05,-0.52,5329453,long_perp+spot_short,140.06,-1.91,0
2026-06-25T06:15:46.889706+00:00,PENGU,-0.0009,-7.84,3439209,long_perp+spot_short,9.31,5.41,0
2026-06-25T06:15:46.889706+00:00,FARTCOIN,0.00125,10.95,16216224,short_perp+spot_long,6.67,8.52,0
2026-06-25T06:15:46.889706+00:00,BIO,0.00125,10.95,1123172,short_perp+spot_long,6.67,8.52,0
2026-06-25T06:15:46.889706+00:00,SPX,0.00125,10.95,2592267,short_perp+spot_long,6.67,8.52,0
2026-06-25T06:15:46.889706+00:00,MORPHO,0.00125,10.95,3770692,short_perp+spot_long,6.67,8.52,0
2026-06-25T06:15:46.889706+00:00,TRUMP,-0.00329,-28.84,10368585,long_perp+spot_short,2.53,26.41,1
2026-06-25T06:15:46.889706+00:00,VVV,-0.03133,-274.45,20787505,long_perp+spot_short,0.27,272.02,1
2026-06-25T06:15:46.889706+00:00,BERA,0.00125,10.95,1366042,short_perp+spot_long,6.67,8.52,0
2026-06-25T06:15:46.889706+00:00,LAYER,-0.02355,-206.28,1078720,long_perp+spot_short,0.35,203.84,1
2026-06-25T06:15:46.889706+00:00,IP,0.00125,10.95,3340851,short_perp+spot_long,6.67,8.52,0
2026-06-25T06:15:46.889706+00:00,KAITO,-0.00483,-42.32,1149425,long_perp+spot_short,1.73,39.88,1
2026-06-25T06:15:46.889706+00:00,PAXG,-0.00067,-5.88,21686990,long_perp+spot_short,12.41,3.45,0
2026-06-25T06:15:46.889706+00:00,SYRUP,0.00125,10.95,1864252,short_perp+spot_long,6.67,8.52,0
2026-06-25T06:15:46.889706+00:00,PUMP,0.00125,10.95,24736576,short_perp+spot_long,6.67,8.52,0
2026-06-25T06:15:46.889706+00:00,XPL,0.00125,10.95,32226156,short_perp+spot_long,6.67,8.52,0
2026-06-25T06:15:46.889706+00:00,WLFI,0.00125,10.95,10970345,short_perp+spot_long,6.67,8.52,0
2026-06-25T06:15:46.889706+00:00,LINEA,0.00125,10.95,1463917,short_perp+spot_long,6.67,8.52,0
2026-06-25T06:15:46.889706+00:00,SKY,-0.00139,-12.22,1638554,long_perp+spot_short,5.98,9.78,0
2026-06-25T06:15:46.889706+00:00,ASTER,0.00125,10.95,24427366,short_perp+spot_long,6.67,8.52,0
2026-06-25T06:15:46.889706+00:00,STBL,0.00125,10.95,2194311,short_perp+spot_long,6.67,8.52,0
2026-06-25T06:15:46.889706+00:00,HEMI,0.00125,10.95,1264771,short_perp+spot_long,6.67,8.52,0
2026-06-25T06:15:46.889706+00:00,APEX,0.00125,10.95,1358201,short_perp+spot_long,6.67,8.52,0
2026-06-25T06:15:46.889706+00:00,ZEC,0.00125,10.95,175475384,short_perp+spot_long,6.67,8.52,0
2026-06-25T06:15:46.889706+00:00,MON,0.00125,10.95,24134218,short_perp+spot_long,6.67,8.52,0
2026-06-25T06:15:46.889706+00:00,MET,0.00125,10.95,2719954,short_perp+spot_long,6.67,8.52,0
2026-06-25T06:15:46.889706+00:00,MEGA,0.00125,10.95,6122354,short_perp+spot_long,6.67,8.52,0
2026-06-25T06:15:46.889706+00:00,CC,-0.0056,-49.07,4929286,long_perp+spot_short,1.49,46.63,1
2026-06-25T06:15:46.889706+00:00,ICP,0.00125,10.95,1764214,short_perp+spot_long,6.67,8.52,0
2026-06-25T06:15:46.889706+00:00,AERO,0.00125,10.95,12731857,short_perp+spot_long,6.67,8.52,0
2026-06-25T06:15:46.889706+00:00,STABLE,-0.00102,-8.95,2033492,long_perp+spot_short,8.15,6.52,0
2026-06-25T06:15:46.889706+00:00,LIT,0.00183,15.99,66476721,short_perp+spot_long,4.57,13.56,1
2026-06-25T06:15:46.889706+00:00,XMR,0.00125,10.95,44452501,short_perp+spot_long,6.67,8.52,0
2026-06-25T06:15:46.889706+00:00,CHIP,-0.02251,-197.2,3128233,long_perp+spot_short,0.37,194.76,1
2026-06-25T06:30:37.635051+00:00,BTC,0.00031,2.74,2031208880,short_perp+spot_long,26.64,0.31,0
2026-06-25T06:30:37.635051+00:00,ETH,0.0001,0.9,1116773337,short_perp+spot_long,81.48,-1.54,0
2026-06-25T06:30:37.635051+00:00,ATOM,-0.00843,-73.86,2978100,long_perp+spot_short,0.99,71.42,1
2026-06-25T06:30:37.635051+00:00,DYDX,0.00125,10.95,7707340,short_perp+spot_long,6.67,8.52,0
2026-06-25T06:30:37.635051+00:00,SOL,-0.00143,-12.52,349882876,long_perp+spot_short,5.83,10.08,0
2026-06-25T06:30:37.635051+00:00,AVAX,-0.0008,-7.04,17799775,long_perp+spot_short,10.38,4.6,0
2026-06-25T06:30:37.635051+00:00,BNB,-0.00248,-21.74,24363181,long_perp+spot_short,3.36,19.3,1
2026-06-25T06:30:37.635051+00:00,OP,0.00125,10.95,3232577,short_perp+spot_long,6.67,8.52,0
2026-06-25T06:30:37.635051+00:00,LTC,-0.00138,-12.13,11257926,long_perp+spot_short,6.02,9.69,0
2026-06-25T06:30:37.635051+00:00,ARB,0.00125,10.95,4007926,short_perp+spot_long,6.67,8.52,0
2026-06-25T06:30:37.635051+00:00,DOGE,0.00077,6.77,19197893,short_perp+spot_long,10.79,4.33,0
2026-06-25T06:30:37.635051+00:00,INJ,-0.00036,-3.13,2971807,long_perp+spot_short,23.29,0.7,0
2026-06-25T06:30:37.635051+00:00,SUI,0.00125,10.95,29080706,short_perp+spot_long,6.67,8.52,0
2026-06-25T06:30:37.635051+00:00,kPEPE,0.00125,10.95,12269390,short_perp+spot_long,6.67,8.52,0
2026-06-25T06:30:37.635051+00:00,CRV,-3e-05,-0.26,5172810,long_perp+spot_short,276.85,-2.17,0
2026-06-25T06:30:37.635051+00:00,LDO,0.00038,3.29,4438588,short_perp+spot_long,22.19,0.86,0
2026-06-25T06:30:37.635051+00:00,LINK,0.00125,10.95,31820014,short_perp+spot_long,6.67,8.52,0
2026-06-25T06:30:37.635051+00:00,CFX,0.00125,10.95,3127179,short_perp+spot_long,6.67,8.52,0
2026-06-25T06:30:37.635051+00:00,XRP,-0.0017,-14.92,119210016,long_perp+spot_short,4.89,12.48,0
2026-06-25T06:30:37.635051+00:00,BCH,0.00125,10.95,11212489,short_perp+spot_long,6.67,8.52,0
2026-06-25T06:30:37.635051+00:00,APT,-1e-05,-0.08,4257430,long_perp+spot_short,895.09,-2.35,0
2026-06-25T06:30:37.635051+00:00,AAVE,-0.00113,-9.94,57666348,long_perp+spot_short,7.35,7.5,0
2026-06-25T06:30:37.635051+00:00,WLD,0.00125,10.95,48159849,short_perp+spot_long,6.67,8.52,0
2026-06-25T06:30:37.635051+00:00,TRX,0.00125,10.95,15624890,short_perp+spot_long,6.67,8.52,0
2026-06-25T06:30:37.635051+00:00,kSHIB,-0.00888,-77.81,1671303,long_perp+spot_short,0.94,75.38,1
2026-06-25T06:30:37.635051+00:00,UNI,0.00061,5.36,9533891,short_perp+spot_long,13.61,2.93,0
2026-06-25T06:30:37.635051+00:00,SEI,0.00125,10.95,2281137,short_perp+spot_long,6.67,8.52,0
2026-06-25T06:30:37.635051+00:00,RUNE,-0.00261,-22.88,1450962,long_perp+spot_short,3.19,20.44,1
2026-06-25T06:30:37.635051+00:00,ZRO,0.00125,10.95,24721814,short_perp+spot_long,6.67,8.52,0
2026-06-25T06:30:37.635051+00:00,DOT,0.00104,9.11,4605750,short_perp+spot_long,8.01,6.68,0
2026-06-25T06:30:37.635051+00:00,TIA,0.00125,10.95,1804756,short_perp+spot_long,6.67,8.52,0
2026-06-25T06:30:37.635051+00:00,ADA,-0.00344,-30.16,26274098,long_perp+spot_short,2.42,27.73,1
2026-06-25T06:30:37.635051+00:00,PENDLE,0.00125,10.95,5684000,short_perp+spot_long,6.67,8.52,0
2026-06-25T06:30:37.635051+00:00,FET,0.00125,10.95,6944281,short_perp+spot_long,6.67,8.52,0
2026-06-25T06:30:37.635051+00:00,NEAR,0.00125,10.95,66425801,short_perp+spot_long,6.67,8.52,0
2026-06-25T06:30:37.635051+00:00,FIL,0.00125,10.95,2272091,short_perp+spot_long,6.67,8.52,0
2026-06-25T06:30:37.635051+00:00,IMX,0.00125,10.95,2112122,short_perp+spot_long,6.67,8.52,0
2026-06-25T06:30:37.635051+00:00,kBONK,0.00125,10.95,4949231,short_perp+spot_long,6.67,8.52,0
2026-06-25T06:30:37.635051+00:00,JUP,0.00125,10.95,8959195,short_perp+spot_long,6.67,8.52,0
2026-06-25T06:30:37.635051+00:00,JTO,0.00125,10.95,10381451,short_perp+spot_long,6.67,8.52,0
2026-06-25T06:30:37.635051+00:00,WIF,0.00125,10.95,2166253,short_perp+spot_long,6.67,8.52,0
2026-06-25T06:30:37.635051+00:00,ENS,0.00125,10.95,1286678,short_perp+spot_long,6.67,8.52,0
2026-06-25T06:30:37.635051+00:00,MANTA,0.00125,10.95,2731230,short_perp+spot_long,6.67,8.52,0
2026-06-25T06:30:37.635051+00:00,ONDO,0.00125,10.95,6661674,short_perp+spot_long,6.67,8.52,0
2026-06-25T06:30:37.635051+00:00,W,0.00125,10.95,1223041,short_perp+spot_long,6.67,8.52,0
2026-06-25T06:30:37.635051+00:00,STRK,-0.00427,-37.4,2478222,long_perp+spot_short,1.95,34.97,1
2026-06-25T06:30:37.635051+00:00,TAO,0.00125,10.95,21056740,short_perp+spot_long,6.67,8.52,0
2026-06-25T06:30:37.635051+00:00,AR,0.00125,10.95,1189369,short_perp+spot_long,6.67,8.52,0
2026-06-25T06:30:37.635051+00:00,ETHFI,0.00125,10.95,3106867,short_perp+spot_long,6.67,8.52,0
2026-06-25T06:30:37.635051+00:00,ENA,0.00125,10.95,16252149,short_perp+spot_long,6.67,8.52,0
2026-06-25T06:30:37.635051+00:00,MNT,0.00125,10.95,2461705,short_perp+spot_long,6.67,8.52,0
2026-06-25T06:30:37.635051+00:00,HBAR,0.00125,10.95,3472145,short_perp+spot_long,6.67,8.52,0
2026-06-25T06:30:37.635051+00:00,POPCAT,0.00026,2.28,1440890,short_perp+spot_long,32.04,-0.15,0
2026-06-25T06:30:37.635051+00:00,EIGEN,0.00125,10.95,7161744,short_perp+spot_long,6.67,8.52,0
2026-06-25T06:30:37.635051+00:00,RENDER,0.00125,10.95,1326571,short_perp+spot_long,6.67,8.52,0
2026-06-25T06:30:37.635051+00:00,POL,0.00125,10.95,2200195,short_perp+spot_long,6.67,8.52,0
2026-06-25T06:30:37.635051+00:00,GRASS,0.00215,18.83,10162390,short_perp+spot_long,3.88,16.4,1
2026-06-25T06:30:37.635051+00:00,PURR,0.00125,10.95,6579933,short_perp+spot_long,6.67,8.52,0
2026-06-25T06:30:37.635051+00:00,XLM,0.00116,10.14,6900378,short_perp+spot_long,7.2,7.71,0
2026-06-25T06:30:37.635051+00:00,ALGO,0.00125,10.95,1767685,short_perp+spot_long,6.67,8.52,0
2026-06-25T06:30:37.635051+00:00,HYPE,0.00125,10.95,1303365479,short_perp+spot_long,6.67,8.52,0
2026-06-25T06:30:37.635051+00:00,VIRTUAL,-0.00021,-1.83,5320821,long_perp+spot_short,39.84,-0.6,0
2026-06-25T06:30:37.635051+00:00,PENGU,-0.00019,-1.66,3425830,long_perp+spot_short,43.87,-0.77,0
2026-06-25T06:30:37.635051+00:00,FARTCOIN,0.00125,10.95,16138255,short_perp+spot_long,6.67,8.52,0
2026-06-25T06:30:37.635051+00:00,BIO,0.00125,10.95,1142015,short_perp+spot_long,6.67,8.52,0
2026-06-25T06:30:37.635051+00:00,SPX,0.00125,10.95,2586897,short_perp+spot_long,6.67,8.52,0
2026-06-25T06:30:37.635051+00:00,MORPHO,0.00124,10.84,3779140,short_perp+spot_long,6.74,8.4,0
2026-06-25T06:30:37.635051+00:00,TRUMP,-0.00431,-37.71,10357973,long_perp+spot_short,1.94,35.28,1
2026-06-25T06:30:37.635051+00:00,VVV,-0.02554,-223.73,20717880,long_perp+spot_short,0.33,221.3,1
2026-06-25T06:30:37.635051+00:00,BERA,0.00125,10.95,1364436,short_perp+spot_long,6.67,8.52,0
2026-06-25T06:30:37.635051+00:00,LAYER,-0.02212,-193.74,1071420,long_perp+spot_short,0.38,191.31,1
2026-06-25T06:30:37.635051+00:00,IP,0.00125,10.95,3322075,short_perp+spot_long,6.67,8.52,0
2026-06-25T06:30:37.635051+00:00,KAITO,-0.00705,-61.74,1147619,long_perp+spot_short,1.18,59.31,1
2026-06-25T06:30:37.635051+00:00,PAXG,-0.00066,-5.82,21675693,long_perp+spot_short,12.54,3.39,0
2026-06-25T06:30:37.635051+00:00,SYRUP,0.00125,10.95,1869549,short_perp+spot_long,6.67,8.52,0
2026-06-25T06:30:37.635051+00:00,PUMP,0.00125,10.95,24843370,short_perp+spot_long,6.67,8.52,0
2026-06-25T06:30:37.635051+00:00,XPL,0.00125,10.95,32841054,short_perp+spot_long,6.67,8.52,0
2026-06-25T06:30:37.635051+00:00,WLFI,0.00125,10.95,10975186,short_perp+spot_long,6.67,8.52,0
2026-06-25T06:30:37.635051+00:00,LINEA,0.00125,10.95,1463836,short_perp+spot_long,6.67,8.52,0
2026-06-25T06:30:37.635051+00:00,SKY,-0.00229,-20.04,1636846,long_perp+spot_short,3.64,17.6,1
2026-06-25T06:30:37.635051+00:00,ASTER,0.00125,10.95,24407185,short_perp+spot_long,6.67,8.52,0
2026-06-25T06:30:37.635051+00:00,STBL,0.00125,10.95,2182945,short_perp+spot_long,6.67,8.52,0
2026-06-25T06:30:37.635051+00:00,HEMI,0.00125,10.95,1262548,short_perp+spot_long,6.67,8.52,0
2026-06-25T06:30:37.635051+00:00,APEX,0.00125,10.95,1356576,short_perp+spot_long,6.67,8.52,0
2026-06-25T06:30:37.635051+00:00,ZEC,0.00125,10.95,174969143,short_perp+spot_long,6.67,8.52,0
2026-06-25T06:30:37.635051+00:00,MON,0.00125,10.95,24117151,short_perp+spot_long,6.67,8.52,0
2026-06-25T06:30:37.635051+00:00,MET,0.00125,10.95,2714338,short_perp+spot_long,6.67,8.52,0
2026-06-25T06:30:37.635051+00:00,MEGA,0.00125,10.95,6101544,short_perp+spot_long,6.67,8.52,0
2026-06-25T06:30:37.635051+00:00,CC,-0.0071,-62.22,4903951,long_perp+spot_short,1.17,59.78,1
2026-06-25T06:30:37.635051+00:00,ICP,0.00125,10.95,1778063,short_perp+spot_long,6.67,8.52,0
2026-06-25T06:30:37.635051+00:00,AERO,0.00125,10.95,13146806,short_perp+spot_long,6.67,8.52,0
2026-06-25T06:30:37.635051+00:00,STABLE,-0.00217,-19.04,2013895,long_perp+spot_short,3.83,16.61,1
2026-06-25T06:30:37.635051+00:00,LIT,0.00125,10.95,66821821,short_perp+spot_long,6.67,8.52,0
2026-06-25T06:30:37.635051+00:00,XMR,0.00125,10.95,44671005,short_perp+spot_long,6.67,8.52,0
2026-06-25T06:30:37.635051+00:00,CHIP,-0.02246,-196.71,3124824,long_perp+spot_short,0.37,194.28,1
2026-06-25T06:45:25.407315+00:00,BTC,0.00024,2.11,2023405733,short_perp+spot_long,34.56,-0.32,0
2026-06-25T06:45:25.407315+00:00,ETH,-2e-05,-0.14,1117384798,long_perp+spot_short,512.19,-2.29,0
2026-06-25T06:45:25.407315+00:00,ATOM,-0.00823,-72.08,2983237,long_perp+spot_short,1.01,69.65,1
2026-06-25T06:45:25.407315+00:00,DYDX,0.00125,10.95,7717808,short_perp+spot_long,6.67,8.52,0
2026-06-25T06:45:25.407315+00:00,SOL,-0.00127,-11.09,352309079,long_perp+spot_short,6.59,8.65,0
2026-06-25T06:45:25.407315+00:00,AVAX,-0.00094,-8.27,17791340,long_perp+spot_short,8.82,5.84,0
2026-06-25T06:45:25.407315+00:00,BNB,-0.0025,-21.91,24397060,long_perp+spot_short,3.33,19.47,1
2026-06-25T06:45:25.407315+00:00,OP,0.00125,10.95,3231247,short_perp+spot_long,6.67,8.52,0
2026-06-25T06:45:25.407315+00:00,LTC,-0.00129,-11.29,11253939,long_perp+spot_short,6.46,8.86,0
2026-06-25T06:45:25.407315+00:00,ARB,0.00125,10.95,4009654,short_perp+spot_long,6.67,8.52,0
2026-06-25T06:45:25.407315+00:00,DOGE,0.00066,5.79,19215092,short_perp+spot_long,12.61,3.36,0
2026-06-25T06:45:25.407315+00:00,INJ,-0.00137,-12.02,2980210,long_perp+spot_short,6.07,9.59,0
2026-06-25T06:45:25.407315+00:00,SUI,0.00125,10.95,29109988,short_perp+spot_long,6.67,8.52,0
2026-06-25T06:45:25.407315+00:00,kPEPE,0.00125,10.95,12274075,short_perp+spot_long,6.67,8.52,0
2026-06-25T06:45:25.407315+00:00,CRV,-0.00086,-7.5,5194141,long_perp+spot_short,9.74,5.06,0
2026-06-25T06:45:25.407315+00:00,LDO,0.00062,5.46,4446646,short_perp+spot_long,13.38,3.02,0
2026-06-25T06:45:25.407315+00:00,LINK,0.00125,10.95,31915814,short_perp+spot_long,6.67,8.52,0
2026-06-25T06:45:25.407315+00:00,CFX,0.00125,10.95,3129793,short_perp+spot_long,6.67,8.52,0
2026-06-25T06:45:25.407315+00:00,XRP,-0.00147,-12.9,119342431,long_perp+spot_short,5.66,10.47,0
2026-06-25T06:45:25.407315+00:00,BCH,0.00125,10.95,11208739,short_perp+spot_long,6.67,8.52,0
2026-06-25T06:45:25.407315+00:00,APT,-0.00075,-6.58,4271681,long_perp+spot_short,11.1,4.14,0
2026-06-25T06:45:25.407315+00:00,AAVE,-0.00106,-9.26,57117346,long_perp+spot_short,7.89,6.82,0
2026-06-25T06:45:25.407315+00:00,WLD,0.00125,10.95,48432380,short_perp+spot_long,6.67,8.52,0
2026-06-25T06:45:25.407315+00:00,TRX,0.00125,10.95,15627584,short_perp+spot_long,6.67,8.52,0
2026-06-25T06:45:25.407315+00:00,kSHIB,-0.00955,-83.68,1671944,long_perp+spot_short,0.87,81.25,1
2026-06-25T06:45:25.407315+00:00,UNI,0.00065,5.73,9537221,short_perp+spot_long,12.75,3.29,0
2026-06-25T06:45:25.407315+00:00,SEI,0.00125,10.95,2289992,short_perp+spot_long,6.67,8.52,0
2026-06-25T06:45:25.407315+00:00,RUNE,-0.00391,-34.22,1452229,long_perp+spot_short,2.13,31.79,1
2026-06-25T06:45:25.407315+00:00,ZRO,0.00125,10.95,24672234,short_perp+spot_long,6.67,8.52,0
2026-06-25T06:45:25.407315+00:00,DOT,0.00087,7.66,4620376,short_perp+spot_long,9.53,5.22,0
2026-06-25T06:45:25.407315+00:00,TIA,0.00125,10.95,1800791,short_perp+spot_long,6.67,8.52,0
2026-06-25T06:45:25.407315+00:00,ADA,-0.00351,-30.74,26278546,long_perp+spot_short,2.37,28.3,1
2026-06-25T06:45:25.407315+00:00,PENDLE,0.00125,10.95,5675298,short_perp+spot_long,6.67,8.52,0
2026-06-25T06:45:25.407315+00:00,FET,0.00125,10.95,6935701,short_perp+spot_long,6.67,8.52,0
2026-06-25T06:45:25.407315+00:00,NEAR,0.00125,10.95,66499809,short_perp+spot_long,6.67,8.52,0
2026-06-25T06:45:25.407315+00:00,FIL,0.00125,10.95,2263331,short_perp+spot_long,6.67,8.52,0
2026-06-25T06:45:25.407315+00:00,IMX,0.00125,10.95,2107034,short_perp+spot_long,6.67,8.52,0
2026-06-25T06:45:25.407315+00:00,kBONK,0.00125,10.95,4943482,short_perp+spot_long,6.67,8.52,0
2026-06-25T06:45:25.407315+00:00,JUP,0.00125,10.95,9163206,short_perp+spot_long,6.67,8.52,0
2026-06-25T06:45:25.407315+00:00,JTO,0.00125,10.95,10325810,short_perp+spot_long,6.67,8.52,0
2026-06-25T06:45:25.407315+00:00,WIF,0.00125,10.95,2158465,short_perp+spot_long,6.67,8.52,0
2026-06-25T06:45:25.407315+00:00,ENS,0.00125,10.95,1284219,short_perp+spot_long,6.67,8.52,0
2026-06-25T06:45:25.407315+00:00,MANTA,0.00125,10.95,2747047,short_perp+spot_long,6.67,8.52,0
2026-06-25T06:45:25.407315+00:00,ONDO,0.00125,10.95,6649688,short_perp+spot_long,6.67,8.52,0
2026-06-25T06:45:25.407315+00:00,W,0.00123,10.74,1223833,short_perp+spot_long,6.8,8.3,0
2026-06-25T06:45:25.407315+00:00,STRK,-0.00432,-37.83,2473781,long_perp+spot_short,1.93,35.4,1
2026-06-25T06:45:25.407315+00:00,TAO,0.00125,10.95,21051253,short_perp+spot_long,6.67,8.52,0
2026-06-25T06:45:25.407315+00:00,AR,0.00125,10.95,1178536,short_perp+spot_long,6.67,8.52,0
2026-06-25T06:45:25.407315+00:00,ETHFI,0.00125,10.95,3106869,short_perp+spot_long,6.67,8.52,0
2026-06-25T06:45:25.407315+00:00,ENA,0.00125,10.95,16211038,short_perp+spot_long,6.67,8.52,0
2026-06-25T06:45:25.407315+00:00,MNT,0.00125,10.95,2459883,short_perp+spot_long,6.67,8.52,0
2026-06-25T06:45:25.407315+00:00,HBAR,0.00125,10.95,3465029,short_perp+spot_long,6.67,8.52,0
2026-06-25T06:45:25.407315+00:00,POPCAT,-0.00231,-20.25,1441008,long_perp+spot_short,3.61,17.81,1
2026-06-25T06:45:25.407315+00:00,EIGEN,0.00125,10.95,7139274,short_perp+spot_long,6.67,8.52,0
2026-06-25T06:45:25.407315+00:00,RENDER,0.00125,10.95,1325699,short_perp+spot_long,6.67,8.52,0
2026-06-25T06:45:25.407315+00:00,POL,0.00125,10.95,2196839,short_perp+spot_long,6.67,8.52,0
2026-06-25T06:45:25.407315+00:00,GRASS,0.0035,30.66,10180954,short_perp+spot_long,2.38,28.23,1
2026-06-25T06:45:25.407315+00:00,PURR,0.00125,10.95,6499306,short_perp+spot_long,6.67,8.52,0
2026-06-25T06:45:25.407315+00:00,XLM,0.00112,9.8,6890002,short_perp+spot_long,7.45,7.37,0
2026-06-25T06:45:25.407315+00:00,ALGO,0.0009,7.88,1769865,short_perp+spot_long,9.26,5.45,0
2026-06-25T06:45:25.407315+00:00,HYPE,0.00125,10.95,1299042476,short_perp+spot_long,6.67,8.52,0
2026-06-25T06:45:25.407315+00:00,VIRTUAL,-0.00078,-6.86,5324948,long_perp+spot_short,10.64,4.43,0
2026-06-25T06:45:25.407315+00:00,PENGU,5e-05,0.42,3427964,short_perp+spot_long,174.56,-2.02,0
2026-06-25T06:45:25.407315+00:00,FARTCOIN,0.00125,10.95,16146634,short_perp+spot_long,6.67,8.52,0
2026-06-25T06:45:25.407315+00:00,BIO,0.00125,10.95,1140007,short_perp+spot_long,6.67,8.52,0
2026-06-25T06:45:25.407315+00:00,SPX,0.00125,10.95,2581616,short_perp+spot_long,6.67,8.52,0
2026-06-25T06:45:25.407315+00:00,MORPHO,-0.00068,-5.97,3754430,long_perp+spot_short,12.23,3.54,0
2026-06-25T06:45:25.407315+00:00,TRUMP,-0.00427,-37.39,10350880,long_perp+spot_short,1.95,34.95,1
2026-06-25T06:45:25.407315+00:00,VVV,-0.02115,-185.27,20988572,long_perp+spot_short,0.39,182.83,1
2026-06-25T06:45:25.407315+00:00,BERA,0.00125,10.95,1362051,short_perp+spot_long,6.67,8.52,0
2026-06-25T06:45:25.407315+00:00,LAYER,-0.01707,-149.57,1064391,long_perp+spot_short,0.49,147.13,1
2026-06-25T06:45:25.407315+00:00,IP,0.00125,10.95,3350274,short_perp+spot_long,6.67,8.52,0
2026-06-25T06:45:25.407315+00:00,KAITO,-0.00868,-76.0,1142320,long_perp+spot_short,0.96,73.56,1
2026-06-25T06:45:25.407315+00:00,PAXG,-0.00064,-5.6,21666221,long_perp+spot_short,13.03,3.17,0
2026-06-25T06:45:25.407315+00:00,SYRUP,0.00125,10.95,1870575,short_perp+spot_long,6.67,8.52,0
2026-06-25T06:45:25.407315+00:00,PUMP,0.00125,10.95,24889788,short_perp+spot_long,6.67,8.52,0
2026-06-25T06:45:25.407315+00:00,XPL,0.00125,10.95,32841719,short_perp+spot_long,6.67,8.52,0
2026-06-25T06:45:25.407315+00:00,WLFI,0.00125,10.95,10962225,short_perp+spot_long,6.67,8.52,0
2026-06-25T06:45:25.407315+00:00,LINEA,0.00125,10.95,1462125,short_perp+spot_long,6.67,8.52,0
2026-06-25T06:45:25.407315+00:00,SKY,-0.00289,-25.33,1634565,long_perp+spot_short,2.88,22.9,1
2026-06-25T06:45:25.407315+00:00,ASTER,0.00125,10.95,24460061,short_perp+spot_long,6.67,8.52,0
2026-06-25T06:45:25.407315+00:00,STBL,0.00125,10.95,2182333,short_perp+spot_long,6.67,8.52,0
2026-06-25T06:45:25.407315+00:00,HEMI,0.00125,10.95,1262259,short_perp+spot_long,6.67,8.52,0
2026-06-25T06:45:25.407315+00:00,APEX,0.00125,10.95,1362904,short_perp+spot_long,6.67,8.52,0
2026-06-25T06:45:25.407315+00:00,ZEC,0.00125,10.95,174677263,short_perp+spot_long,6.67,8.52,0
2026-06-25T06:45:25.407315+00:00,MON,0.00125,10.95,24117604,short_perp+spot_long,6.67,8.52,0
2026-06-25T06:45:25.407315+00:00,MET,0.00125,10.95,2707230,short_perp+spot_long,6.67,8.52,0
2026-06-25T06:45:25.407315+00:00,MEGA,0.00125,10.95,6090621,short_perp+spot_long,6.67,8.52,0
2026-06-25T06:45:25.407315+00:00,CC,-0.00661,-57.92,4870110,long_perp+spot_short,1.26,55.48,1
2026-06-25T06:45:25.407315+00:00,ICP,0.00125,10.95,1723016,short_perp+spot_long,6.67,8.52,0
2026-06-25T06:45:25.407315+00:00,AERO,0.00298,26.1,13231061,short_perp+spot_long,2.8,23.67,1
2026-06-25T06:45:25.407315+00:00,STABLE,-0.00418,-36.61,2017846,long_perp+spot_short,1.99,34.18,1
2026-06-25T06:45:25.407315+00:00,LIT,0.00125,10.95,66539475,short_perp+spot_long,6.67,8.52,0
2026-06-25T06:45:25.407315+00:00,XMR,0.00125,10.95,44655019,short_perp+spot_long,6.67,8.52,0
2026-06-25T06:45:25.407315+00:00,CHIP,-0.02296,-201.11,3110724,long_perp+spot_short,0.36,198.68,1
2026-06-25T07:00:41.964883+00:00,BTC,-0.00048,-4.17,2019414023,long_perp+spot_short,17.53,1.73,0
2026-06-25T07:00:41.964883+00:00,ETH,0.00056,4.88,1120047567,short_perp+spot_long,14.97,2.44,0
2026-06-25T07:00:41.964883+00:00,ATOM,-0.00114,-9.99,2980938,long_perp+spot_short,7.31,7.56,0
2026-06-25T07:00:41.964883+00:00,DYDX,0.00125,10.95,7766836,short_perp+spot_long,6.67,8.52,0
2026-06-25T07:00:41.964883+00:00,SOL,-0.00065,-5.73,353070742,long_perp+spot_short,12.75,3.29,0
2026-06-25T07:00:41.964883+00:00,AVAX,-0.0027,-23.61,17835037,long_perp+spot_short,3.09,21.18,1
2026-06-25T07:00:41.964883+00:00,BNB,-0.00193,-16.93,24456750,long_perp+spot_short,4.31,14.5,1
2026-06-25T07:00:41.964883+00:00,OP,0.00125,10.95,3224572,short_perp+spot_long,6.67,8.52,0
2026-06-25T07:00:41.964883+00:00,LTC,0.00059,5.18,11261234,short_perp+spot_long,14.09,2.75,0
2026-06-25T07:00:41.964883+00:00,ARB,0.00125,10.95,4017069,short_perp+spot_long,6.67,8.52,0
2026-06-25T07:00:41.964883+00:00,DOGE,-0.00041,-3.62,19205234,long_perp+spot_short,20.17,1.19,0
2026-06-25T07:00:41.964883+00:00,INJ,0.00125,10.95,2990979,short_perp+spot_long,6.67,8.52,0
2026-06-25T07:00:41.964883+00:00,SUI,0.00125,10.95,29141448,short_perp+spot_long,6.67,8.52,0
2026-06-25T07:00:41.964883+00:00,kPEPE,0.00125,10.95,12273336,short_perp+spot_long,6.67,8.52,0
2026-06-25T07:00:41.964883+00:00,CRV,-0.00217,-18.98,5198587,long_perp+spot_short,3.85,16.55,1
2026-06-25T07:00:41.964883+00:00,LDO,0.00125,10.95,4452330,short_perp+spot_long,6.67,8.52,0
2026-06-25T07:00:41.964883+00:00,LINK,0.00125,10.95,31908735,short_perp+spot_long,6.67,8.52,0
2026-06-25T07:00:41.964883+00:00,CFX,0.00125,10.95,3132927,short_perp+spot_long,6.67,8.52,0
2026-06-25T07:00:41.964883+00:00,XRP,-0.00211,-18.44,119359430,long_perp+spot_short,3.96,16.01,1
2026-06-25T07:00:41.964883+00:00,BCH,0.00125,10.95,11222108,short_perp+spot_long,6.67,8.52,0
2026-06-25T07:00:41.964883+00:00,APT,0.00123,10.76,4283842,short_perp+spot_long,6.78,8.33,0
2026-06-25T07:00:41.964883+00:00,AAVE,-0.00724,-63.46,56467397,long_perp+spot_short,1.15,61.02,1
2026-06-25T07:00:41.964883+00:00,WLD,0.00125,10.95,48189254,short_perp+spot_long,6.67,8.52,0
2026-06-25T07:00:41.964883+00:00,TRX,0.00125,10.95,15608612,short_perp+spot_long,6.67,8.52,0
2026-06-25T07:00:41.964883+00:00,kSHIB,-0.00723,-63.37,1674443,long_perp+spot_short,1.15,60.93,1
2026-06-25T07:00:41.964883+00:00,UNI,0.00125,10.95,9570272,short_perp+spot_long,6.67,8.52,0
2026-06-25T07:00:41.964883+00:00,SEI,0.00125,10.95,2302347,short_perp+spot_long,6.67,8.52,0
2026-06-25T07:00:41.964883+00:00,RUNE,-0.00282,-24.67,1452349,long_perp+spot_short,2.96,22.23,1
2026-06-25T07:00:41.964883+00:00,ZRO,0.00125,10.95,24686923,short_perp+spot_long,6.67,8.52,0
2026-06-25T07:00:41.964883+00:00,DOT,0.00077,6.73,4619944,short_perp+spot_long,10.85,4.29,0
2026-06-25T07:00:41.964883+00:00,TIA,0.00125,10.95,1815492,short_perp+spot_long,6.67,8.52,0
2026-06-25T07:00:41.964883+00:00,ADA,-0.00526,-46.06,26293200,long_perp+spot_short,1.58,43.62,1
2026-06-25T07:00:41.964883+00:00,PENDLE,0.00125,10.95,5673988,short_perp+spot_long,6.67,8.52,0
2026-06-25T07:00:41.964883+00:00,FET,0.00125,10.95,6921993,short_perp+spot_long,6.67,8.52,0
2026-06-25T07:00:41.964883+00:00,NEAR,0.00071,6.2,66529756,short_perp+spot_long,11.77,3.77,0
2026-06-25T07:00:41.964883+00:00,FIL,0.00125,10.95,2262189,short_perp+spot_long,6.67,8.52,0
2026-06-25T07:00:41.964883+00:00,IMX,0.00125,10.95,2108058,short_perp+spot_long,6.67,8.52,0
2026-06-25T07:00:41.964883+00:00,kBONK,0.00125,10.95,4975968,short_perp+spot_long,6.67,8.52,0
2026-06-25T07:00:41.964883+00:00,JUP,0.00125,10.95,9243103,short_perp+spot_long,6.67,8.52,0
2026-06-25T07:00:41.964883+00:00,JTO,0.00125,10.95,10205668,short_perp+spot_long,6.67,8.52,0
2026-06-25T07:00:41.964883+00:00,WIF,0.00125,10.95,2163807,short_perp+spot_long,6.67,8.52,0
2026-06-25T07:00:41.964883+00:00,ENS,0.00125,10.95,1280468,short_perp+spot_long,6.67,8.52,0
2026-06-25T07:00:41.964883+00:00,MANTA,0.00125,10.95,2748035,short_perp+spot_long,6.67,8.52,0
2026-06-25T07:00:41.964883+00:00,ONDO,0.00125,10.95,6625357,short_perp+spot_long,6.67,8.52,0
2026-06-25T07:00:41.964883+00:00,W,0.00125,10.95,1227397,short_perp+spot_long,6.67,8.52,0
2026-06-25T07:00:41.964883+00:00,STRK,-0.00308,-26.99,2474293,long_perp+spot_short,2.7,24.56,1
2026-06-25T07:00:41.964883+00:00,TAO,0.00125,10.95,21154957,short_perp+spot_long,6.67,8.52,0
2026-06-25T07:00:41.964883+00:00,AR,0.00125,10.95,1178455,short_perp+spot_long,6.67,8.52,0
2026-06-25T07:00:41.964883+00:00,ETHFI,0.00125,10.95,3109742,short_perp+spot_long,6.67,8.52,0
2026-06-25T07:00:41.964883+00:00,ENA,0.00125,10.95,16211902,short_perp+spot_long,6.67,8.52,0
2026-06-25T07:00:41.964883+00:00,MNT,0.00125,10.95,2466983,short_perp+spot_long,6.67,8.52,0
2026-06-25T07:00:41.964883+00:00,HBAR,0.00125,10.95,3460867,short_perp+spot_long,6.67,8.52,0
2026-06-25T07:00:41.964883+00:00,POPCAT,0.00125,10.95,1459364,short_perp+spot_long,6.67,8.52,0
2026-06-25T07:00:41.964883+00:00,EIGEN,0.00125,10.95,7109359,short_perp+spot_long,6.67,8.52,0
2026-06-25T07:00:41.964883+00:00,RENDER,-0.00032,-2.79,1325072,long_perp+spot_short,26.16,0.36,0
2026-06-25T07:00:41.964883+00:00,POL,0.00125,10.95,2201291,short_perp+spot_long,6.67,8.52,0
2026-06-25T07:00:41.964883+00:00,GRASS,0.00125,10.95,10213300,short_perp+spot_long,6.67,8.52,0
2026-06-25T07:00:41.964883+00:00,PURR,0.00125,10.95,6569645,short_perp+spot_long,6.67,8.52,0
2026-06-25T07:00:41.964883+00:00,XLM,0.00125,10.95,6886320,short_perp+spot_long,6.67,8.52,0
2026-06-25T07:00:41.964883+00:00,ALGO,0.00125,10.95,1768366,short_perp+spot_long,6.67,8.52,0
2026-06-25T07:00:41.964883+00:00,HYPE,0.00125,10.95,1311523643,short_perp+spot_long,6.67,8.52,0
2026-06-25T07:00:41.964883+00:00,VIRTUAL,-0.00368,-32.2,5323648,long_perp+spot_short,2.27,29.77,1
2026-06-25T07:00:41.964883+00:00,PENGU,0.0006,5.3,3432756,short_perp+spot_long,13.78,2.86,0
2026-06-25T07:00:41.964883+00:00,FARTCOIN,0.00125,10.95,16155677,short_perp+spot_long,6.67,8.52,0
2026-06-25T07:00:41.964883+00:00,BIO,0.00125,10.95,1132002,short_perp+spot_long,6.67,8.52,0
2026-06-25T07:00:41.964883+00:00,SPX,0.00125,10.95,2576489,short_perp+spot_long,6.67,8.52,0
2026-06-25T07:00:41.964883+00:00,MORPHO,-0.00339,-29.68,3734474,long_perp+spot_short,2.46,27.25,1
2026-06-25T07:00:41.964883+00:00,TRUMP,-0.00704,-61.67,10350650,long_perp+spot_short,1.18,59.24,1
2026-06-25T07:00:41.964883+00:00,VVV,-0.00563,-49.36,20839865,long_perp+spot_short,1.48,46.93,1
2026-06-25T07:00:41.964883+00:00,BERA,0.00125,10.95,1358922,short_perp+spot_long,6.67,8.52,0
2026-06-25T07:00:41.964883+00:00,LAYER,-0.00587,-51.46,1081289,long_perp+spot_short,1.42,49.03,1
2026-06-25T07:00:41.964883+00:00,IP,0.00125,10.95,3346801,short_perp+spot_long,6.67,8.52,0
2026-06-25T07:00:41.964883+00:00,KAITO,-0.01078,-94.47,1143333,long_perp+spot_short,0.77,92.04,1
2026-06-25T07:00:41.964883+00:00,PAXG,-0.00207,-18.11,21629465,long_perp+spot_short,4.03,15.68,1
2026-06-25T07:00:41.964883+00:00,SYRUP,0.00125,10.95,1870620,short_perp+spot_long,6.67,8.52,0
2026-06-25T07:00:41.964883+00:00,PUMP,0.00125,10.95,24918934,short_perp+spot_long,6.67,8.52,0
2026-06-25T07:00:41.964883+00:00,XPL,0.00125,10.95,32981856,short_perp+spot_long,6.67,8.52,0
2026-06-25T07:00:41.964883+00:00,WLFI,0.00125,10.95,10919284,short_perp+spot_long,6.67,8.52,0
2026-06-25T07:00:41.964883+00:00,LINEA,0.00125,10.95,1462260,short_perp+spot_long,6.67,8.52,0
2026-06-25T07:00:41.964883+00:00,SKY,-0.0019,-16.66,1634582,long_perp+spot_short,4.38,14.23,1
2026-06-25T07:00:41.964883+00:00,ASTER,0.00125,10.95,24513187,short_perp+spot_long,6.67,8.52,0
2026-06-25T07:00:41.964883+00:00,STBL,0.00125,10.95,2180306,short_perp+spot_long,6.67,8.52,0
2026-06-25T07:00:41.964883+00:00,HEMI,0.00125,10.95,1259869,short_perp+spot_long,6.67,8.52,0
2026-06-25T07:00:41.964883+00:00,APEX,0.00125,10.95,1361965,short_perp+spot_long,6.67,8.52,0
2026-06-25T07:00:41.964883+00:00,ZEC,0.00125,10.95,174540989,short_perp+spot_long,6.67,8.52,0
2026-06-25T07:00:41.964883+00:00,MON,0.00125,10.95,24097170,short_perp+spot_long,6.67,8.52,0
2026-06-25T07:00:41.964883+00:00,MET,0.00125,10.95,2707712,short_perp+spot_long,6.67,8.52,0
2026-06-25T07:00:41.964883+00:00,MEGA,0.0003,2.66,6198826,short_perp+spot_long,27.46,0.22,0
2026-06-25T07:00:41.964883+00:00,CC,-0.00384,-33.68,4853314,long_perp+spot_short,2.17,31.24,1
2026-06-25T07:00:41.964883+00:00,ICP,0.00125,10.95,1720859,short_perp+spot_long,6.67,8.52,0
2026-06-25T07:00:41.964883+00:00,AERO,0.00664,58.15,13276249,short_perp+spot_long,1.26,55.71,1
2026-06-25T07:00:41.964883+00:00,STABLE,-0.00069,-6.05,2014090,long_perp+spot_short,12.06,3.62,0
2026-06-25T07:00:41.964883+00:00,LIT,0.00712,62.36,66562842,short_perp+spot_long,1.17,59.92,1
2026-06-25T07:00:41.964883+00:00,XMR,0.00125,10.95,44552914,short_perp+spot_long,6.67,8.52,0
2026-06-25T07:00:41.964883+00:00,CHIP,-0.02403,-210.51,3100850,long_perp+spot_short,0.35,208.07,1
2026-06-25T07:15:24.638299+00:00,BTC,-0.00077,-6.78,2019567388,long_perp+spot_short,10.77,4.34,0
2026-06-25T07:15:24.638299+00:00,ETH,0.00044,3.89,1119670235,short_perp+spot_long,18.75,1.46,0
2026-06-25T07:15:24.638299+00:00,ATOM,0.00104,9.11,2955305,short_perp+spot_long,8.01,6.68,0
2026-06-25T07:15:24.638299+00:00,DYDX,0.00125,10.95,7742989,short_perp+spot_long,6.67,8.52,0
2026-06-25T07:15:24.638299+00:00,SOL,-0.00127,-11.11,351970531,long_perp+spot_short,6.57,8.68,0
2026-06-25T07:15:24.638299+00:00,AVAX,-0.00188,-16.45,17571110,long_perp+spot_short,4.44,14.01,1
2026-06-25T07:15:24.638299+00:00,BNB,-0.0011,-9.63,24433730,long_perp+spot_short,7.58,7.2,0
2026-06-25T07:15:24.638299+00:00,OP,0.00125,10.95,3210025,short_perp+spot_long,6.67,8.52,0
2026-06-25T07:15:24.638299+00:00,LTC,-0.00025,-2.2,11204328,long_perp+spot_short,33.16,-0.23,0
2026-06-25T07:15:24.638299+00:00,ARB,0.00125,10.95,4011865,short_perp+spot_long,6.67,8.52,0
2026-06-25T07:15:24.638299+00:00,DOGE,-0.00085,-7.48,19182259,long_perp+spot_short,9.75,5.05,0
2026-06-25T07:15:24.638299+00:00,INJ,0.00072,6.31,2946550,short_perp+spot_long,11.57,3.88,0
2026-06-25T07:15:24.638299+00:00,SUI,0.00125,10.95,29167930,short_perp+spot_long,6.67,8.52,0
2026-06-25T07:15:24.638299+00:00,kPEPE,0.00042,3.69,12177566,short_perp+spot_long,19.81,1.25,0
2026-06-25T07:15:24.638299+00:00,CRV,-0.00309,-27.03,5190306,long_perp+spot_short,2.7,24.6,1
2026-06-25T07:15:24.638299+00:00,LDO,0.00125,10.95,4439202,short_perp+spot_long,6.67,8.52,0
2026-06-25T07:15:24.638299+00:00,LINK,0.00097,8.49,31803694,short_perp+spot_long,8.6,6.05,0
2026-06-25T07:15:24.638299+00:00,CFX,0.00125,10.95,3129575,short_perp+spot_long,6.67,8.52,0
2026-06-25T07:15:24.638299+00:00,XRP,-0.00126,-11.07,119099594,long_perp+spot_short,6.6,8.63,0
2026-06-25T07:15:24.638299+00:00,BCH,0.00116,10.13,11229540,short_perp+spot_long,7.21,7.7,0
2026-06-25T07:15:24.638299+00:00,APT,-0.00205,-17.97,4256975,long_perp+spot_short,4.06,15.53,1
2026-06-25T07:15:24.638299+00:00,AAVE,-0.0023,-20.18,56842070,long_perp+spot_short,3.62,17.75,1
2026-06-25T07:15:24.638299+00:00,WLD,0.00125,10.95,48403621,short_perp+spot_long,6.67,8.52,0
2026-06-25T07:15:24.638299+00:00,TRX,0.00125,10.95,15627080,short_perp+spot_long,6.67,8.52,0
2026-06-25T07:15:24.638299+00:00,kSHIB,-0.00873,-76.47,1673430,long_perp+spot_short,0.95,74.04,1
2026-06-25T07:15:24.638299+00:00,UNI,-0.00055,-4.85,9571320,long_perp+spot_short,15.04,2.42,0
2026-06-25T07:15:24.638299+00:00,SEI,0.00125,10.95,2297864,short_perp+spot_long,6.67,8.52,0
2026-06-25T07:15:24.638299+00:00,RUNE,0.00052,4.54,1447953,short_perp+spot_long,16.07,2.11,0
2026-06-25T07:15:24.638299+00:00,ZRO,0.00026,2.26,24769110,short_perp+spot_long,32.31,-0.17,0
2026-06-25T07:15:24.638299+00:00,DOT,0.00111,9.72,4594427,short_perp+spot_long,7.51,7.29,0
2026-06-25T07:15:24.638299+00:00,TIA,0.00125,10.95,1808093,short_perp+spot_long,6.67,8.52,0
2026-06-25T07:15:24.638299+00:00,ADA,-0.00688,-60.25,26174225,long_perp+spot_short,1.21,57.81,1
2026-06-25T07:15:24.638299+00:00,PENDLE,0.00125,10.95,5652750,short_perp+spot_long,6.67,8.52,0
2026-06-25T07:15:24.638299+00:00,FET,0.00125,10.95,6914808,short_perp+spot_long,6.67,8.52,0
2026-06-25T07:15:24.638299+00:00,NEAR,0.00125,10.95,66030854,short_perp+spot_long,6.67,8.52,0
2026-06-25T07:15:24.638299+00:00,FIL,0.00125,10.95,2257052,short_perp+spot_long,6.67,8.52,0
2026-06-25T07:15:24.638299+00:00,IMX,0.00125,10.95,2102377,short_perp+spot_long,6.67,8.52,0
2026-06-25T07:15:24.638299+00:00,kBONK,0.00125,10.95,4967094,short_perp+spot_long,6.67,8.52,0
2026-06-25T07:15:24.638299+00:00,JUP,0.00125,10.95,9265057,short_perp+spot_long,6.67,8.52,0
2026-06-25T07:15:24.638299+00:00,JTO,0.00125,10.95,10167294,short_perp+spot_long,6.67,8.52,0
2026-06-25T07:15:24.638299+00:00,WIF,0.00125,10.95,2160703,short_perp+spot_long,6.67,8.52,0
2026-06-25T07:15:24.638299+00:00,ENS,0.00125,10.95,1277892,short_perp+spot_long,6.67,8.52,0
2026-06-25T07:15:24.638299+00:00,MANTA,0.00125,10.95,2746717,short_perp+spot_long,6.67,8.52,0
2026-06-25T07:15:24.638299+00:00,ONDO,0.00125,10.95,6616118,short_perp+spot_long,6.67,8.52,0
2026-06-25T07:15:24.638299+00:00,W,0.00125,10.95,1225782,short_perp+spot_long,6.67,8.52,0
2026-06-25T07:15:24.638299+00:00,STRK,-0.00487,-42.63,2472544,long_perp+spot_short,1.71,40.2,1
2026-06-25T07:15:24.638299+00:00,TAO,0.00125,10.95,21101736,short_perp+spot_long,6.67,8.52,0
2026-06-25T07:15:24.638299+00:00,AR,0.00125,10.95,1176107,short_perp+spot_long,6.67,8.52,0
2026-06-25T07:15:24.638299+00:00,ETHFI,0.00125,10.95,3103166,short_perp+spot_long,6.67,8.52,0
2026-06-25T07:15:24.638299+00:00,ENA,0.00125,10.95,16045333,short_perp+spot_long,6.67,8.52,0
2026-06-25T07:15:24.638299+00:00,MNT,0.00125,10.95,2465773,short_perp+spot_long,6.67,8.52,0
2026-06-25T07:15:24.638299+00:00,HBAR,0.00125,10.95,3432832,short_perp+spot_long,6.67,8.52,0
2026-06-25T07:15:24.638299+00:00,POPCAT,0.00125,10.95,1471253,short_perp+spot_long,6.67,8.52,0
2026-06-25T07:15:24.638299+00:00,EIGEN,0.00125,10.95,7065738,short_perp+spot_long,6.67,8.52,0
2026-06-25T07:15:24.638299+00:00,RENDER,0.00097,8.53,1321291,short_perp+spot_long,8.56,6.09,0
2026-06-25T07:15:24.638299+00:00,POL,0.00125,10.95,2185313,short_perp+spot_long,6.67,8.52,0
2026-06-25T07:15:24.638299+00:00,GRASS,0.00125,10.95,10117723,short_perp+spot_long,6.67,8.52,0
2026-06-25T07:15:24.638299+00:00,PURR,0.00125,10.95,6602811,short_perp+spot_long,6.67,8.52,0
2026-06-25T07:15:24.638299+00:00,XLM,0.0011,9.62,6832303,short_perp+spot_long,7.59,7.19,0
2026-06-25T07:15:24.638299+00:00,ALGO,0.00058,5.09,1761121,short_perp+spot_long,14.33,2.66,0
2026-06-25T07:15:24.638299+00:00,HYPE,0.00125,10.95,1303797151,short_perp+spot_long,6.67,8.52,0
2026-06-25T07:15:24.638299+00:00,VIRTUAL,-0.00417,-36.52,5309037,long_perp+spot_short,2.0,34.09,1
2026-06-25T07:15:24.638299+00:00,PENGU,-0.00057,-5.02,3423589,long_perp+spot_short,14.54,2.59,0
2026-06-25T07:15:24.638299+00:00,FARTCOIN,0.00125,10.95,16076386,short_perp+spot_long,6.67,8.52,0
2026-06-25T07:15:24.638299+00:00,BIO,0.00125,10.95,1132140,short_perp+spot_long,6.67,8.52,0
2026-06-25T07:15:24.638299+00:00,SPX,0.00125,10.95,2571092,short_perp+spot_long,6.67,8.52,0
2026-06-25T07:15:24.638299+00:00,MORPHO,0.00032,2.77,3745614,short_perp+spot_long,26.35,0.34,0
2026-06-25T07:15:24.638299+00:00,TRUMP,-0.00648,-56.75,10356207,long_perp+spot_short,1.29,54.32,1
2026-06-25T07:15:24.638299+00:00,VVV,-0.01311,-114.84,20780832,long_perp+spot_short,0.64,112.41,1
2026-06-25T07:15:24.638299+00:00,BERA,0.00125,10.95,1355323,short_perp+spot_long,6.67,8.52,0
2026-06-25T07:15:24.638299+00:00,LAYER,-0.01639,-143.57,1081345,long_perp+spot_short,0.51,141.14,1
2026-06-25T07:15:24.638299+00:00,IP,0.00125,10.95,3347589,short_perp+spot_long,6.67,8.52,0
2026-06-25T07:15:24.638299+00:00,KAITO,-0.00814,-71.29,1146132,long_perp+spot_short,1.02,68.85,1
2026-06-25T07:15:24.638299+00:00,PAXG,-0.00048,-4.23,21647146,long_perp+spot_short,17.24,1.8,0
2026-06-25T07:15:24.638299+00:00,SYRUP,0.00125,10.95,1874095,short_perp+spot_long,6.67,8.52,0
2026-06-25T07:15:24.638299+00:00,PUMP,0.00125,10.95,24521160,short_perp+spot_long,6.67,8.52,0
2026-06-25T07:15:24.638299+00:00,XPL,0.00125,10.95,32449888,short_perp+spot_long,6.67,8.52,0
2026-06-25T07:15:24.638299+00:00,WLFI,0.00125,10.95,10815941,short_perp+spot_long,6.67,8.52,0
2026-06-25T07:15:24.638299+00:00,LINEA,0.00125,10.95,1463106,short_perp+spot_long,6.67,8.52,0
2026-06-25T07:15:24.638299+00:00,SKY,-0.00169,-14.81,1635630,long_perp+spot_short,4.93,12.38,0
2026-06-25T07:15:24.638299+00:00,ASTER,0.00125,10.95,24497134,short_perp+spot_long,6.67,8.52,0
2026-06-25T07:15:24.638299+00:00,STBL,0.00125,10.95,2181982,short_perp+spot_long,6.67,8.52,0
2026-06-25T07:15:24.638299+00:00,HEMI,0.00125,10.95,1261308,short_perp+spot_long,6.67,8.52,0
2026-06-25T07:15:24.638299+00:00,APEX,0.00125,10.95,1373601,short_perp+spot_long,6.67,8.52,0
2026-06-25T07:15:24.638299+00:00,ZEC,0.00125,10.95,174608439,short_perp+spot_long,6.67,8.52,0
2026-06-25T07:15:24.638299+00:00,MON,0.00113,9.89,24258378,short_perp+spot_long,7.38,7.46,0
2026-06-25T07:15:24.638299+00:00,MET,0.00125,10.95,2695220,short_perp+spot_long,6.67,8.52,0
2026-06-25T07:15:24.638299+00:00,MEGA,-0.00281,-24.58,6171651,long_perp+spot_short,2.97,22.14,1
2026-06-25T07:15:24.638299+00:00,CC,-0.00183,-16.03,4858855,long_perp+spot_short,4.55,13.6,1
2026-06-25T07:15:24.638299+00:00,ICP,0.00125,10.95,1720965,short_perp+spot_long,6.67,8.52,0
2026-06-25T07:15:24.638299+00:00,AERO,0.00631,55.31,13362254,short_perp+spot_long,1.32,52.87,1
2026-06-25T07:15:24.638299+00:00,STABLE,0.00125,10.95,2020886,short_perp+spot_long,6.67,8.52,0
2026-06-25T07:15:24.638299+00:00,LIT,0.00327,28.61,66278118,short_perp+spot_long,2.55,26.18,1
2026-06-25T07:15:24.638299+00:00,XMR,0.00125,10.95,44408875,short_perp+spot_long,6.67,8.52,0
2026-06-25T07:15:24.638299+00:00,CHIP,-0.02628,-230.21,3105733,long_perp+spot_short,0.32,227.77,1
2026-06-25T07:30:35.460032+00:00,BTC,-0.0002,-1.79,2027020614,long_perp+spot_short,40.74,-0.64,0
2026-06-25T07:30:35.460032+00:00,ETH,0.0002,1.75,1121071243,short_perp+spot_long,41.79,-0.69,0
2026-06-25T07:30:35.460032+00:00,ATOM,0.00087,7.63,2949888,short_perp+spot_long,9.56,5.2,0
2026-06-25T07:30:35.460032+00:00,DYDX,0.00125,10.95,7725961,short_perp+spot_long,6.67,8.52,0
2026-06-25T07:30:35.460032+00:00,SOL,-0.00117,-10.27,352225061,long_perp+spot_short,7.11,7.83,0
2026-06-25T07:30:35.460032+00:00,AVAX,-0.00203,-17.74,17895651,long_perp+spot_short,4.11,15.31,1
2026-06-25T07:30:35.460032+00:00,BNB,-0.00071,-6.18,24446135,long_perp+spot_short,11.81,3.75,0
2026-06-25T07:30:35.460032+00:00,OP,0.00125,10.95,3215636,short_perp+spot_long,6.67,8.52,0
2026-06-25T07:30:35.460032+00:00,LTC,-0.00021,-1.81,11201894,long_perp+spot_short,40.31,-0.62,0
2026-06-25T07:30:35.460032+00:00,ARB,0.00125,10.95,4022663,short_perp+spot_long,6.67,8.52,0
2026-06-25T07:30:35.460032+00:00,DOGE,-0.00079,-6.88,19195261,long_perp+spot_short,10.61,4.45,0
2026-06-25T07:30:35.460032+00:00,INJ,-0.00139,-12.19,3001017,long_perp+spot_short,5.99,9.76,0
2026-06-25T07:30:35.460032+00:00,SUI,0.00125,10.95,30645554,short_perp+spot_long,6.67,8.52,0
2026-06-25T07:30:35.460032+00:00,kPEPE,0.00027,2.34,12188130,short_perp+spot_long,31.2,-0.09,0
2026-06-25T07:30:35.460032+00:00,CRV,-0.0019,-16.67,5190230,long_perp+spot_short,4.38,14.23,1
2026-06-25T07:30:35.460032+00:00,LDO,0.00125,10.95,4428930,short_perp+spot_long,6.67,8.52,0
2026-06-25T07:30:35.460032+00:00,LINK,0.00048,4.22,31879047,short_perp+spot_long,17.29,1.79,0
2026-06-25T07:30:35.460032+00:00,CFX,0.00125,10.95,3129445,short_perp+spot_long,6.67,8.52,0
2026-06-25T07:30:35.460032+00:00,XRP,-0.00132,-11.57,119233556,long_perp+spot_short,6.31,9.14,0
2026-06-25T07:30:35.460032+00:00,BCH,0.00125,10.95,11245458,short_perp+spot_long,6.67,8.52,0
2026-06-25T07:30:35.460032+00:00,APT,-0.00133,-11.61,4273266,long_perp+spot_short,6.29,9.18,0
2026-06-25T07:30:35.460032+00:00,AAVE,-0.00233,-20.43,56543856,long_perp+spot_short,3.57,18.0,1
2026-06-25T07:30:35.460032+00:00,WLD,0.00125,10.95,48439101,short_perp+spot_long,6.67,8.52,0
2026-06-25T07:30:35.460032+00:00,TRX,0.00125,10.95,15617601,short_perp+spot_long,6.67,8.52,0
2026-06-25T07:30:35.460032+00:00,kSHIB,-0.00949,-83.16,1654018,long_perp+spot_short,0.88,80.72,1
2026-06-25T07:30:35.460032+00:00,UNI,-0.00016,-1.37,9599982,long_perp+spot_short,53.47,-1.07,0
2026-06-25T07:30:35.460032+00:00,SEI,0.00125,10.95,2305492,short_perp+spot_long,6.67,8.52,0
2026-06-25T07:30:35.460032+00:00,RUNE,0.00086,7.53,1440582,short_perp+spot_long,9.69,5.1,0
2026-06-25T07:30:35.460032+00:00,ZRO,-0.00062,-5.45,24791316,long_perp+spot_short,13.39,3.02,0
2026-06-25T07:30:35.460032+00:00,DOT,0.00089,7.8,4607942,short_perp+spot_long,9.36,5.37,0
2026-06-25T07:30:35.460032+00:00,TIA,0.00125,10.95,1809467,short_perp+spot_long,6.67,8.52,0
2026-06-25T07:30:35.460032+00:00,ADA,-0.00649,-56.81,26236958,long_perp+spot_short,1.28,54.38,1
2026-06-25T07:30:35.460032+00:00,PENDLE,0.00125,10.95,5662666,short_perp+spot_long,6.67,8.52,0
2026-06-25T07:30:35.460032+00:00,FET,0.00125,10.95,6944326,short_perp+spot_long,6.67,8.52,0
2026-06-25T07:30:35.460032+00:00,NEAR,0.00112,9.82,66433807,short_perp+spot_long,7.44,7.38,0
2026-06-25T07:30:35.460032+00:00,FIL,0.00125,10.95,2259139,short_perp+spot_long,6.67,8.52,0
2026-06-25T07:30:35.460032+00:00,IMX,0.00125,10.95,2105217,short_perp+spot_long,6.67,8.52,0
2026-06-25T07:30:35.460032+00:00,kBONK,0.00125,10.95,4934195,short_perp+spot_long,6.67,8.52,0
2026-06-25T07:30:35.460032+00:00,JUP,0.00125,10.95,9392441,short_perp+spot_long,6.67,8.52,0
2026-06-25T07:30:35.460032+00:00,JTO,0.00125,10.95,10157871,short_perp+spot_long,6.67,8.52,0
2026-06-25T07:30:35.460032+00:00,WIF,0.00125,10.95,2158019,short_perp+spot_long,6.67,8.52,0
2026-06-25T07:30:35.460032+00:00,ENS,0.00125,10.95,1281151,short_perp+spot_long,6.67,8.52,0
2026-06-25T07:30:35.460032+00:00,MANTA,0.00125,10.95,2744740,short_perp+spot_long,6.67,8.52,0
2026-06-25T07:30:35.460032+00:00,ONDO,0.00125,10.95,6767666,short_perp+spot_long,6.67,8.52,0
2026-06-25T07:30:35.460032+00:00,W,0.00125,10.95,1218177,short_perp+spot_long,6.67,8.52,0
2026-06-25T07:30:35.460032+00:00,STRK,-0.00545,-47.74,2470946,long_perp+spot_short,1.53,45.31,1
2026-06-25T07:30:35.460032+00:00,TAO,0.00125,10.95,21214297,short_perp+spot_long,6.67,8.52,0
2026-06-25T07:30:35.460032+00:00,AR,0.00125,10.95,1180528,short_perp+spot_long,6.67,8.52,0
2026-06-25T07:30:35.460032+00:00,ETHFI,0.00125,10.95,3083657,short_perp+spot_long,6.67,8.52,0
2026-06-25T07:30:35.460032+00:00,ENA,0.00125,10.95,16062640,short_perp+spot_long,6.67,8.52,0
2026-06-25T07:30:35.460032+00:00,MNT,0.00125,10.95,2465132,short_perp+spot_long,6.67,8.52,0
2026-06-25T07:30:35.460032+00:00,HBAR,0.00125,10.95,3429036,short_perp+spot_long,6.67,8.52,0
2026-06-25T07:30:35.460032+00:00,POPCAT,0.00125,10.95,1484454,short_perp+spot_long,6.67,8.52,0
2026-06-25T07:30:35.460032+00:00,EIGEN,0.00125,10.95,7039494,short_perp+spot_long,6.67,8.52,0
2026-06-25T07:30:35.460032+00:00,RENDER,-0.00062,-5.41,1324799,long_perp+spot_short,13.49,2.98,0
2026-06-25T07:30:35.460032+00:00,POL,0.00125,10.95,2186686,short_perp+spot_long,6.67,8.52,0
2026-06-25T07:30:35.460032+00:00,GRASS,0.00125,10.95,10092579,short_perp+spot_long,6.67,8.52,0
2026-06-25T07:30:35.460032+00:00,PURR,0.00125,10.95,6657441,short_perp+spot_long,6.67,8.52,0
2026-06-25T07:30:35.460032+00:00,XLM,0.00125,10.95,6822179,short_perp+spot_long,6.67,8.52,0
2026-06-25T07:30:35.460032+00:00,ALGO,0.00052,4.55,1763354,short_perp+spot_long,16.04,2.12,0
2026-06-25T07:30:35.460032+00:00,HYPE,0.00125,10.95,1307806433,short_perp+spot_long,6.67,8.52,0
2026-06-25T07:30:35.460032+00:00,VIRTUAL,-0.00368,-32.27,5313914,long_perp+spot_short,2.26,29.83,1
2026-06-25T07:30:35.460032+00:00,PENGU,-0.00072,-6.31,3428255,long_perp+spot_short,11.58,3.87,0
2026-06-25T07:30:35.460032+00:00,FARTCOIN,0.00125,10.95,16099898,short_perp+spot_long,6.67,8.52,0
2026-06-25T07:30:35.460032+00:00,BIO,0.00098,8.54,1126309,short_perp+spot_long,8.54,6.11,0
2026-06-25T07:30:35.460032+00:00,SPX,0.00125,10.95,2589415,short_perp+spot_long,6.67,8.52,0
2026-06-25T07:30:35.460032+00:00,MORPHO,0.00068,6.0,3749644,short_perp+spot_long,12.17,3.56,0
2026-06-25T07:30:35.460032+00:00,TRUMP,-0.00681,-59.69,10348506,long_perp+spot_short,1.22,57.25,1
2026-06-25T07:30:35.460032+00:00,VVV,-0.01165,-102.08,20764038,long_perp+spot_short,0.72,99.64,1
2026-06-25T07:30:35.460032+00:00,BERA,0.00125,10.95,1354035,short_perp+spot_long,6.67,8.52,0
2026-06-25T07:30:35.460032+00:00,LAYER,-0.01509,-132.17,1074794,long_perp+spot_short,0.55,129.73,1
2026-06-25T07:30:35.460032+00:00,IP,0.00125,10.95,3337508,short_perp+spot_long,6.67,8.52,0
2026-06-25T07:30:35.460032+00:00,KAITO,-0.00909,-79.67,1149724,long_perp+spot_short,0.92,77.23,1
2026-06-25T07:30:35.460032+00:00,PAXG,-0.00032,-2.78,21680509,long_perp+spot_short,26.25,0.35,0
2026-06-25T07:30:35.460032+00:00,SYRUP,0.00125,10.95,1893102,short_perp+spot_long,6.67,8.52,0
2026-06-25T07:30:35.460032+00:00,PUMP,0.00125,10.95,24524164,short_perp+spot_long,6.67,8.52,0
2026-06-25T07:30:35.460032+00:00,XPL,0.00125,10.95,32394623,short_perp+spot_long,6.67,8.52,0
2026-06-25T07:30:35.460032+00:00,WLFI,0.00125,10.95,10856892,short_perp+spot_long,6.67,8.52,0
2026-06-25T07:30:35.460032+00:00,LINEA,0.00125,10.95,1464519,short_perp+spot_long,6.67,8.52,0
2026-06-25T07:30:35.460032+00:00,SKY,-0.00222,-19.48,1629767,long_perp+spot_short,3.75,17.05,1
2026-06-25T07:30:35.460032+00:00,ASTER,0.00125,10.95,24483236,short_perp+spot_long,6.67,8.52,0
2026-06-25T07:30:35.460032+00:00,STBL,0.00125,10.95,2179548,short_perp+spot_long,6.67,8.52,0
2026-06-25T07:30:35.460032+00:00,HEMI,0.00125,10.95,1263670,short_perp+spot_long,6.67,8.52,0
2026-06-25T07:30:35.460032+00:00,APEX,0.00125,10.95,1382602,short_perp+spot_long,6.67,8.52,0
2026-06-25T07:30:35.460032+00:00,ZEC,0.00125,10.95,175201492,short_perp+spot_long,6.67,8.52,0
2026-06-25T07:30:35.460032+00:00,MON,1e-05,0.13,23941988,short_perp+spot_long,582.75,-2.31,0
2026-06-25T07:30:35.460032+00:00,MET,0.00125,10.95,2717798,short_perp+spot_long,6.67,8.52,0
2026-06-25T07:30:35.460032+00:00,MEGA,-0.00192,-16.85,6137222,long_perp+spot_short,4.33,14.41,1
2026-06-25T07:30:35.460032+00:00,CC,-0.00249,-21.79,4846979,long_perp+spot_short,3.35,19.35,1
2026-06-25T07:30:35.460032+00:00,ICP,0.00125,10.95,1720337,short_perp+spot_long,6.67,8.52,0
2026-06-25T07:30:35.460032+00:00,AERO,0.00739,64.77,13454984,short_perp+spot_long,1.13,62.34,1
2026-06-25T07:30:35.460032+00:00,STABLE,0.00125,10.95,2013792,short_perp+spot_long,6.67,8.52,0
2026-06-25T07:30:35.460032+00:00,LIT,0.00164,14.41,66212989,short_perp+spot_long,5.07,11.97,0
2026-06-25T07:30:35.460032+00:00,XMR,0.00125,10.95,44578832,short_perp+spot_long,6.67,8.52,0
2026-06-25T07:30:35.460032+00:00,CHIP,-0.02606,-228.31,3088998,long_perp+spot_short,0.32,225.88,1
2026-06-25T07:45:21.228869+00:00,BTC,-0.00013,-1.12,2026812254,long_perp+spot_short,65.4,-1.32,0
2026-06-25T07:45:21.228869+00:00,ETH,0.00015,1.32,1122929017,short_perp+spot_long,55.31,-1.11,0
2026-06-25T07:45:21.228869+00:00,ATOM,0.00046,3.99,2948818,short_perp+spot_long,18.3,1.56,0
2026-06-25T07:45:21.228869+00:00,DYDX,0.00125,10.95,7705925,short_perp+spot_long,6.67,8.52,0
2026-06-25T07:45:21.228869+00:00,SOL,-0.00116,-10.14,352687530,long_perp+spot_short,7.2,7.71,0
2026-06-25T07:45:21.228869+00:00,AVAX,-0.00187,-16.36,17920945,long_perp+spot_short,4.46,13.93,1
2026-06-25T07:45:21.228869+00:00,BNB,-0.00069,-6.04,24404531,long_perp+spot_short,12.09,3.61,0
2026-06-25T07:45:21.228869+00:00,OP,0.00125,10.95,3216609,short_perp+spot_long,6.67,8.52,0
2026-06-25T07:45:21.228869+00:00,LTC,7e-05,0.6,11196035,short_perp+spot_long,121.64,-1.83,0
2026-06-25T07:45:21.228869+00:00,ARB,0.00125,10.95,4007784,short_perp+spot_long,6.67,8.52,0
2026-06-25T07:45:21.228869+00:00,DOGE,-0.00051,-4.43,19177996,long_perp+spot_short,16.49,1.99,0
2026-06-25T07:45:21.228869+00:00,INJ,-0.00284,-24.89,2962901,long_perp+spot_short,2.93,22.45,1
2026-06-25T07:45:21.228869+00:00,SUI,0.00125,10.95,30684083,short_perp+spot_long,6.67,8.52,0
2026-06-25T07:45:21.228869+00:00,kPEPE,-0.00024,-2.09,12192252,long_perp+spot_short,34.94,-0.34,0
2026-06-25T07:45:21.228869+00:00,CRV,-0.00089,-7.79,5180414,long_perp+spot_short,9.37,5.36,0
2026-06-25T07:45:21.228869+00:00,LDO,0.00125,10.95,4433344,short_perp+spot_long,6.67,8.52,0
2026-06-25T07:45:21.228869+00:00,LINK,0.00013,1.18,31882279,short_perp+spot_long,61.87,-1.25,0
2026-06-25T07:45:21.228869+00:00,CFX,0.00125,10.95,3131196,short_perp+spot_long,6.67,8.52,0
2026-06-25T07:45:21.228869+00:00,XRP,-0.00129,-11.31,119439390,long_perp+spot_short,6.45,8.88,0
2026-06-25T07:45:21.228869+00:00,BCH,0.00125,10.95,11216475,short_perp+spot_long,6.67,8.52,0
2026-06-25T07:45:21.228869+00:00,APT,-0.00162,-14.23,4275399,long_perp+spot_short,5.13,11.8,0
2026-06-25T07:45:21.228869+00:00,AAVE,-0.0025,-21.93,56789654,long_perp+spot_short,3.33,19.5,1
2026-06-25T07:45:21.228869+00:00,WLD,0.00125,10.95,48484330,short_perp+spot_long,6.67,8.52,0
2026-06-25T07:45:21.228869+00:00,TRX,0.00125,10.95,15537811,short_perp+spot_long,6.67,8.52,0
2026-06-25T07:45:21.228869+00:00,kSHIB,-0.00945,-82.81,1656626,long_perp+spot_short,0.88,80.37,1
2026-06-25T07:45:21.228869+00:00,UNI,0.00017,1.48,9655197,short_perp+spot_long,49.4,-0.96,0
2026-06-25T07:45:21.228869+00:00,SEI,0.00125,10.95,2300881,short_perp+spot_long,6.67,8.52,0
2026-06-25T07:45:21.228869+00:00,RUNE,-0.00056,-4.91,1439345,long_perp+spot_short,14.86,2.48,0
2026-06-25T07:45:21.228869+00:00,ZRO,-0.00107,-9.39,24749610,long_perp+spot_short,7.78,6.95,0
2026-06-25T07:45:21.228869+00:00,DOT,0.00073,6.43,4597601,short_perp+spot_long,11.35,4.0,0
2026-06-25T07:45:21.228869+00:00,TIA,0.00125,10.95,1804507,short_perp+spot_long,6.67,8.52,0
2026-06-25T07:45:21.228869+00:00,ADA,-0.00627,-54.96,26244653,long_perp+spot_short,1.33,52.53,1
2026-06-25T07:45:21.228869+00:00,PENDLE,0.00125,10.95,5671431,short_perp+spot_long,6.67,8.52,0
2026-06-25T07:45:21.228869+00:00,FET,0.00125,10.95,6929571,short_perp+spot_long,6.67,8.52,0
2026-06-25T07:45:21.228869+00:00,NEAR,0.00095,8.32,66565416,short_perp+spot_long,8.77,5.89,0
2026-06-25T07:45:21.228869+00:00,FIL,0.00125,10.95,2257139,short_perp+spot_long,6.67,8.52,0
2026-06-25T07:45:21.228869+00:00,IMX,0.00125,10.95,2102588,short_perp+spot_long,6.67,8.52,0
2026-06-25T07:45:21.228869+00:00,kBONK,0.00125,10.95,4931866,short_perp+spot_long,6.67,8.52,0
2026-06-25T07:45:21.228869+00:00,JUP,0.00125,10.95,9449953,short_perp+spot_long,6.67,8.52,0
2026-06-25T07:45:21.228869+00:00,JTO,0.00125,10.95,10180117,short_perp+spot_long,6.67,8.52,0
2026-06-25T07:45:21.228869+00:00,WIF,0.00125,10.95,2158255,short_perp+spot_long,6.67,8.52,0
2026-06-25T07:45:21.228869+00:00,ENS,0.00125,10.95,1281580,short_perp+spot_long,6.67,8.52,0
2026-06-25T07:45:21.228869+00:00,MANTA,0.00125,10.95,2747376,short_perp+spot_long,6.67,8.52,0
2026-06-25T07:45:21.228869+00:00,ONDO,0.00125,10.95,6698258,short_perp+spot_long,6.67,8.52,0
2026-06-25T07:45:21.228869+00:00,W,0.00125,10.95,1217005,short_perp+spot_long,6.67,8.52,0
2026-06-25T07:45:21.228869+00:00,STRK,-0.00524,-45.92,2470757,long_perp+spot_short,1.59,43.49,1
2026-06-25T07:45:21.228869+00:00,TAO,0.00125,10.95,21343751,short_perp+spot_long,6.67,8.52,0
2026-06-25T07:45:21.228869+00:00,AR,0.00125,10.95,1178420,short_perp+spot_long,6.67,8.52,0
2026-06-25T07:45:21.228869+00:00,ETHFI,0.00125,10.95,3092045,short_perp+spot_long,6.67,8.52,0
2026-06-25T07:45:21.228869+00:00,ENA,0.00125,10.95,16097861,short_perp+spot_long,6.67,8.52,0
2026-06-25T07:45:21.228869+00:00,MNT,0.00125,10.95,2466751,short_perp+spot_long,6.67,8.52,0
2026-06-25T07:45:21.228869+00:00,HBAR,0.00125,10.95,3433668,short_perp+spot_long,6.67,8.52,0
2026-06-25T07:45:21.228869+00:00,POPCAT,0.00125,10.95,1495830,short_perp+spot_long,6.67,8.52,0
2026-06-25T07:45:21.228869+00:00,EIGEN,0.00125,10.95,7090160,short_perp+spot_long,6.67,8.52,0
2026-06-25T07:45:21.228869+00:00,RENDER,-0.00165,-14.46,1326664,long_perp+spot_short,5.05,12.03,0
2026-06-25T07:45:21.228869+00:00,POL,0.00125,10.95,2196262,short_perp+spot_long,6.67,8.52,0
2026-06-25T07:45:21.228869+00:00,GRASS,0.00125,10.95,9967862,short_perp+spot_long,6.67,8.52,0
2026-06-25T07:45:21.228869+00:00,PURR,0.00125,10.95,6650073,short_perp+spot_long,6.67,8.52,0
2026-06-25T07:45:21.228869+00:00,XLM,0.0009,7.9,6834668,short_perp+spot_long,9.25,5.46,0
2026-06-25T07:45:21.228869+00:00,ALGO,0.00125,10.95,1762609,short_perp+spot_long,6.67,8.52,0
2026-06-25T07:45:21.228869+00:00,HYPE,0.00125,10.95,1302899261,short_perp+spot_long,6.67,8.52,0
2026-06-25T07:45:21.228869+00:00,VIRTUAL,-0.0035,-30.65,5316538,long_perp+spot_short,2.38,28.21,1
2026-06-25T07:45:21.228869+00:00,PENGU,-0.00069,-6.0,3436527,long_perp+spot_short,12.16,3.57,0
2026-06-25T07:45:21.228869+00:00,FARTCOIN,0.00125,10.95,16102694,short_perp+spot_long,6.67,8.52,0
2026-06-25T07:45:21.228869+00:00,BIO,0.00125,10.95,1122441,short_perp+spot_long,6.67,8.52,0
2026-06-25T07:45:21.228869+00:00,SPX,0.00125,10.95,2643379,short_perp+spot_long,6.67,8.52,0
2026-06-25T07:45:21.228869+00:00,MORPHO,0.00125,10.95,3753934,short_perp+spot_long,6.67,8.52,0
2026-06-25T07:45:21.228869+00:00,TRUMP,-0.00645,-56.49,10348704,long_perp+spot_short,1.29,54.06,1
2026-06-25T07:45:21.228869+00:00,VVV,-0.01223,-107.16,20761043,long_perp+spot_short,0.68,104.73,1
2026-06-25T07:45:21.228869+00:00,BERA,0.00125,10.95,1351672,short_perp+spot_long,6.67,8.52,0
2026-06-25T07:45:21.228869+00:00,LAYER,-0.01197,-104.86,1052243,long_perp+spot_short,0.7,102.42,1
2026-06-25T07:45:21.228869+00:00,IP,0.00125,10.95,3346225,short_perp+spot_long,6.67,8.52,0
2026-06-25T07:45:21.228869+00:00,KAITO,-0.00682,-59.77,1154097,long_perp+spot_short,1.22,57.34,1
2026-06-25T07:45:21.228869+00:00,PAXG,-0.00029,-2.55,21539807,long_perp+spot_short,28.62,0.12,0
2026-06-25T07:45:21.228869+00:00,SYRUP,0.00125,10.95,1893340,short_perp+spot_long,6.67,8.52,0
2026-06-25T07:45:21.228869+00:00,PUMP,0.00125,10.95,24493567,short_perp+spot_long,6.67,8.52,0
2026-06-25T07:45:21.228869+00:00,XPL,0.00125,10.95,32848983,short_perp+spot_long,6.67,8.52,0
2026-06-25T07:45:21.228869+00:00,WLFI,0.00125,10.95,10913963,short_perp+spot_long,6.67,8.52,0
2026-06-25T07:45:21.228869+00:00,LINEA,0.00125,10.95,1465880,short_perp+spot_long,6.67,8.52,0
2026-06-25T07:45:21.228869+00:00,SKY,-0.00403,-35.28,1626443,long_perp+spot_short,2.07,32.84,1
2026-06-25T07:45:21.228869+00:00,ASTER,0.00125,10.95,24518883,short_perp+spot_long,6.67,8.52,0
2026-06-25T07:45:21.228869+00:00,STBL,0.00125,10.95,2178300,short_perp+spot_long,6.67,8.52,0
2026-06-25T07:45:21.228869+00:00,HEMI,0.00078,6.85,1265356,short_perp+spot_long,10.65,4.42,0
2026-06-25T07:45:21.228869+00:00,APEX,0.00125,10.95,1368165,short_perp+spot_long,6.67,8.52,0
2026-06-25T07:45:21.228869+00:00,ZEC,0.00125,10.95,175540785,short_perp+spot_long,6.67,8.52,0
2026-06-25T07:45:21.228869+00:00,MON,-0.00015,-1.27,23584945,long_perp+spot_short,57.27,-1.16,0
2026-06-25T07:45:21.228869+00:00,MET,0.00125,10.95,2723521,short_perp+spot_long,6.67,8.52,0
2026-06-25T07:45:21.228869+00:00,MEGA,-0.00131,-11.46,6115635,long_perp+spot_short,6.37,9.03,0
2026-06-25T07:45:21.228869+00:00,CC,-0.00302,-26.42,4838262,long_perp+spot_short,2.76,23.99,1
2026-06-25T07:45:21.228869+00:00,ICP,0.00125,10.95,1722524,short_perp+spot_long,6.67,8.52,0
2026-06-25T07:45:21.228869+00:00,AERO,0.00777,68.03,13558106,short_perp+spot_long,1.07,65.59,1
2026-06-25T07:45:21.228869+00:00,STABLE,0.00125,10.95,2012439,short_perp+spot_long,6.67,8.52,0
2026-06-25T07:45:21.228869+00:00,LIT,0.00223,19.49,66045272,short_perp+spot_long,3.74,17.06,1
2026-06-25T07:45:21.228869+00:00,XMR,0.00125,10.95,44504450,short_perp+spot_long,6.67,8.52,0
2026-06-25T07:45:21.228869+00:00,CHIP,-0.02601,-227.89,3057321,long_perp+spot_short,0.32,225.46,1
2026-06-25T08:00:46.731018+00:00,BTC,-3e-05,-0.26,2027673722,long_perp+spot_short,284.32,-2.18,0
2026-06-25T08:00:46.731018+00:00,ETH,0.00013,1.11,1122295682,short_perp+spot_long,65.95,-1.33,0
2026-06-25T08:00:46.731018+00:00,ATOM,0.00125,10.95,2952205,short_perp+spot_long,6.67,8.52,0
2026-06-25T08:00:46.731018+00:00,DYDX,0.00125,10.95,7776208,short_perp+spot_long,6.67,8.52,0
2026-06-25T08:00:46.731018+00:00,SOL,-0.00014,-1.24,351905235,long_perp+spot_short,58.77,-1.19,0
2026-06-25T08:00:46.731018+00:00,AVAX,-0.00045,-3.93,17923480,long_perp+spot_short,18.59,1.49,0
2026-06-25T08:00:46.731018+00:00,BNB,0.00044,3.85,24382420,short_perp+spot_long,18.96,1.42,0
2026-06-25T08:00:46.731018+00:00,OP,0.00125,10.95,3212248,short_perp+spot_long,6.67,8.52,0
2026-06-25T08:00:46.731018+00:00,LTC,0.00125,10.95,11145128,short_perp+spot_long,6.67,8.52,0
2026-06-25T08:00:46.731018+00:00,ARB,0.00125,10.95,4018879,short_perp+spot_long,6.67,8.52,0
2026-06-25T08:00:46.731018+00:00,DOGE,0.0003,2.65,19194051,short_perp+spot_long,27.53,0.22,0
2026-06-25T08:00:46.731018+00:00,INJ,0.00077,6.74,2982147,short_perp+spot_long,10.82,4.31,0
2026-06-25T08:00:46.731018+00:00,SUI,0.00125,10.95,30716440,short_perp+spot_long,6.67,8.52,0
2026-06-25T08:00:46.731018+00:00,kPEPE,0.00034,3.01,12202012,short_perp+spot_long,24.25,0.58,0
2026-06-25T08:00:46.731018+00:00,CRV,-0.00184,-16.11,5170149,long_perp+spot_short,4.53,13.68,1
2026-06-25T08:00:46.731018+00:00,LDO,0.00125,10.95,4428709,short_perp+spot_long,6.67,8.52,0
2026-06-25T08:00:46.731018+00:00,LINK,0.00068,5.97,31901089,short_perp+spot_long,12.24,3.53,0
2026-06-25T08:00:46.731018+00:00,CFX,0.00125,10.95,3129980,short_perp+spot_long,6.67,8.52,0
2026-06-25T08:00:46.731018+00:00,XRP,-0.00041,-3.59,119227455,long_perp+spot_short,20.33,1.16,0
2026-06-25T08:00:46.731018+00:00,BCH,0.00125,10.95,11231643,short_perp+spot_long,6.67,8.52,0
2026-06-25T08:00:46.731018+00:00,APT,0.00057,4.98,4280538,short_perp+spot_long,14.65,2.55,0
2026-06-25T08:00:46.731018+00:00,AAVE,0.00071,6.21,57073075,short_perp+spot_long,11.76,3.78,0
2026-06-25T08:00:46.731018+00:00,WLD,0.00125,10.95,48582808,short_perp+spot_long,6.67,8.52,0
2026-06-25T08:00:46.731018+00:00,TRX,0.00125,10.95,15568371,short_perp+spot_long,6.67,8.52,0
2026-06-25T08:00:46.731018+00:00,kSHIB,-0.00787,-68.95,1652415,long_perp+spot_short,1.06,66.52,1
2026-06-25T08:00:46.731018+00:00,UNI,-0.00618,-54.17,9624868,long_perp+spot_short,1.35,51.73,1
2026-06-25T08:00:46.731018+00:00,SEI,0.00125,10.95,2354880,short_perp+spot_long,6.67,8.52,0
2026-06-25T08:00:46.731018+00:00,RUNE,0.00125,10.95,1437273,short_perp+spot_long,6.67,8.52,0
2026-06-25T08:00:46.731018+00:00,ZRO,0.00125,10.95,24864806,short_perp+spot_long,6.67,8.52,0
2026-06-25T08:00:46.731018+00:00,DOT,0.00125,10.95,4594026,short_perp+spot_long,6.67,8.52,0
2026-06-25T08:00:46.731018+00:00,TIA,0.00125,10.95,1806577,short_perp+spot_long,6.67,8.52,0
2026-06-25T08:00:46.731018+00:00,ADA,0.00125,10.95,26346670,short_perp+spot_long,6.67,8.52,0
2026-06-25T08:00:46.731018+00:00,PENDLE,0.00125,10.95,5702378,short_perp+spot_long,6.67,8.52,0
2026-06-25T08:00:46.731018+00:00,FET,0.00125,10.95,6952833,short_perp+spot_long,6.67,8.52,0
2026-06-25T08:00:46.731018+00:00,NEAR,-0.00037,-3.22,66638705,long_perp+spot_short,22.71,0.78,0
2026-06-25T08:00:46.731018+00:00,FIL,0.00125,10.95,2262252,short_perp+spot_long,6.67,8.52,0
2026-06-25T08:00:46.731018+00:00,IMX,0.00125,10.95,2107604,short_perp+spot_long,6.67,8.52,0
2026-06-25T08:00:46.731018+00:00,kBONK,0.00125,10.95,4932921,short_perp+spot_long,6.67,8.52,0
2026-06-25T08:00:46.731018+00:00,JUP,0.00125,10.95,9558315,short_perp+spot_long,6.67,8.52,0
2026-06-25T08:00:46.731018+00:00,JTO,0.00125,10.95,10151518,short_perp+spot_long,6.67,8.52,0
2026-06-25T08:00:46.731018+00:00,WIF,0.00125,10.95,2162853,short_perp+spot_long,6.67,8.52,0
2026-06-25T08:00:46.731018+00:00,ENS,0.00125,10.95,1279723,short_perp+spot_long,6.67,8.52,0
2026-06-25T08:00:46.731018+00:00,MANTA,0.00125,10.95,2751989,short_perp+spot_long,6.67,8.52,0
2026-06-25T08:00:46.731018+00:00,ONDO,0.00125,10.95,6686495,short_perp+spot_long,6.67,8.52,0
2026-06-25T08:00:46.731018+00:00,W,0.00125,10.95,1221951,short_perp+spot_long,6.67,8.52,0
2026-06-25T08:00:46.731018+00:00,STRK,-0.00372,-32.61,2478168,long_perp+spot_short,2.24,30.18,1
2026-06-25T08:00:46.731018+00:00,TAO,0.00125,10.95,21289054,short_perp+spot_long,6.67,8.52,0
2026-06-25T08:00:46.731018+00:00,AR,0.00125,10.95,1187797,short_perp+spot_long,6.67,8.52,0
2026-06-25T08:00:46.731018+00:00,ETHFI,0.00125,10.95,3109138,short_perp+spot_long,6.67,8.52,0
2026-06-25T08:00:46.731018+00:00,ENA,0.00125,10.95,16126360,short_perp+spot_long,6.67,8.52,0
2026-06-25T08:00:46.731018+00:00,MNT,0.00125,10.95,2472260,short_perp+spot_long,6.67,8.52,0
2026-06-25T08:00:46.731018+00:00,HBAR,0.00125,10.95,3450410,short_perp+spot_long,6.67,8.52,0
2026-06-25T08:00:46.731018+00:00,POPCAT,0.00125,10.95,1507209,short_perp+spot_long,6.67,8.52,0
2026-06-25T08:00:46.731018+00:00,EIGEN,0.00125,10.95,7082080,short_perp+spot_long,6.67,8.52,0
2026-06-25T08:00:46.731018+00:00,RENDER,-0.00063,-5.49,1328735,long_perp+spot_short,13.3,3.06,0
2026-06-25T08:00:46.731018+00:00,POL,0.00125,10.95,2193946,short_perp+spot_long,6.67,8.52,0
2026-06-25T08:00:46.731018+00:00,GRASS,0.00125,10.95,9939260,short_perp+spot_long,6.67,8.52,0
2026-06-25T08:00:46.731018+00:00,PURR,0.00125,10.95,6577636,short_perp+spot_long,6.67,8.52,0
2026-06-25T08:00:46.731018+00:00,XLM,0.00125,10.95,6870008,short_perp+spot_long,6.67,8.52,0
2026-06-25T08:00:46.731018+00:00,ALGO,0.00125,10.95,1762794,short_perp+spot_long,6.67,8.52,0
2026-06-25T08:00:46.731018+00:00,HYPE,0.00125,10.95,1297005632,short_perp+spot_long,6.67,8.52,0
2026-06-25T08:00:46.731018+00:00,VIRTUAL,0.00125,10.95,5327592,short_perp+spot_long,6.67,8.52,0
2026-06-25T08:00:46.731018+00:00,PENGU,-0.00025,-2.16,3433717,long_perp+spot_short,33.78,-0.27,0
2026-06-25T08:00:46.731018+00:00,FARTCOIN,0.00225,19.69,16309843,short_perp+spot_long,3.71,17.25,1
2026-06-25T08:00:46.731018+00:00,BIO,0.00125,10.95,1129306,short_perp+spot_long,6.67,8.52,0
2026-06-25T08:00:46.731018+00:00,SPX,0.00125,10.95,2629272,short_perp+spot_long,6.67,8.52,0
2026-06-25T08:00:46.731018+00:00,MORPHO,0.00125,10.95,3766263,short_perp+spot_long,6.67,8.52,0
2026-06-25T08:00:46.731018+00:00,TRUMP,-0.00698,-61.15,10347486,long_perp+spot_short,1.19,58.72,1
2026-06-25T08:00:46.731018+00:00,VVV,-0.02072,-181.54,20786957,long_perp+spot_short,0.4,179.11,1
2026-06-25T08:00:46.731018+00:00,BERA,-0.00106,-9.27,1355489,long_perp+spot_short,7.88,6.84,0
2026-06-25T08:00:46.731018+00:00,LAYER,-0.00527,-46.13,1048003,long_perp+spot_short,1.58,43.7,1
2026-06-25T08:00:46.731018+00:00,IP,0.00125,10.95,3346829,short_perp+spot_long,6.67,8.52,0
2026-06-25T08:00:46.731018+00:00,KAITO,-0.00334,-29.3,1160854,long_perp+spot_short,2.49,26.87,1
2026-06-25T08:00:46.731018+00:00,PAXG,0.00045,3.98,21605236,short_perp+spot_long,18.33,1.55,0
2026-06-25T08:00:46.731018+00:00,SYRUP,0.00125,10.95,1884214,short_perp+spot_long,6.67,8.52,0
2026-06-25T08:00:46.731018+00:00,PUMP,0.00125,10.95,24426877,short_perp+spot_long,6.67,8.52,0
2026-06-25T08:00:46.731018+00:00,XPL,0.00125,10.95,33246085,short_perp+spot_long,6.67,8.52,0
2026-06-25T08:00:46.731018+00:00,WLFI,0.00125,10.95,10983745,short_perp+spot_long,6.67,8.52,0
2026-06-25T08:00:46.731018+00:00,LINEA,0.00125,10.95,1468282,short_perp+spot_long,6.67,8.52,0
2026-06-25T08:00:46.731018+00:00,SKY,-0.00143,-12.55,1627100,long_perp+spot_short,5.82,10.12,0
2026-06-25T08:00:46.731018+00:00,ASTER,0.00125,10.95,24550320,short_perp+spot_long,6.67,8.52,0
2026-06-25T08:00:46.731018+00:00,STBL,0.00125,10.95,2186503,short_perp+spot_long,6.67,8.52,0
2026-06-25T08:00:46.731018+00:00,HEMI,0.00125,10.95,1267680,short_perp+spot_long,6.67,8.52,0
2026-06-25T08:00:46.731018+00:00,APEX,0.00125,10.95,1371163,short_perp+spot_long,6.67,8.52,0
2026-06-25T08:00:46.731018+00:00,ZEC,0.00125,10.95,175706361,short_perp+spot_long,6.67,8.52,0
2026-06-25T08:00:46.731018+00:00,MON,0.00125,10.95,23993823,short_perp+spot_long,6.67,8.52,0
2026-06-25T08:00:46.731018+00:00,MET,0.00125,10.95,2721020,short_perp+spot_long,6.67,8.52,0
2026-06-25T08:00:46.731018+00:00,MEGA,0.00125,10.95,6136772,short_perp+spot_long,6.67,8.52,0
2026-06-25T08:00:46.731018+00:00,CC,0.00125,10.95,4843163,short_perp+spot_long,6.67,8.52,0
2026-06-25T08:00:46.731018+00:00,ICP,0.00125,10.95,1727333,short_perp+spot_long,6.67,8.52,0
2026-06-25T08:00:46.731018+00:00,AERO,0.0036,31.54,13635676,short_perp+spot_long,2.31,29.1,1
2026-06-25T08:00:46.731018+00:00,STABLE,0.00125,10.95,2016327,short_perp+spot_long,6.67,8.52,0
2026-06-25T08:00:46.731018+00:00,LIT,0.00125,10.95,65662228,short_perp+spot_long,6.67,8.52,0
2026-06-25T08:00:46.731018+00:00,XMR,0.00892,78.18,44455441,short_perp+spot_long,0.93,75.74,1
2026-06-25T08:00:46.731018+00:00,CHIP,-0.02115,-185.23,3051217,long_perp+spot_short,0.39,182.8,1
